-- phpMyAdmin SQL Dump
-- version 4.8.1
-- https://www.phpmyadmin.net/
--
-- Host: 127.0.0.1
-- Erstellungszeit: 16. Jan 2021 um 13:04
-- Server-Version: 10.1.33-MariaDB
-- PHP-Version: 7.2.6

SET SQL_MODE = "NO_AUTO_VALUE_ON_ZERO";
SET AUTOCOMMIT = 0;
START TRANSACTION;
SET time_zone = "+00:00";


/*!40101 SET @OLD_CHARACTER_SET_CLIENT=@@CHARACTER_SET_CLIENT */;
/*!40101 SET @OLD_CHARACTER_SET_RESULTS=@@CHARACTER_SET_RESULTS */;
/*!40101 SET @OLD_COLLATION_CONNECTION=@@COLLATION_CONNECTION */;
/*!40101 SET NAMES utf8mb4 */;

--
-- Datenbank: `unternehmerproto`
--

-- --------------------------------------------------------

--
-- Tabellenstruktur für Tabelle `core_accounts`
--

CREATE TABLE `core_accounts` (
  `accid` int(10) UNSIGNED NOT NULL,
  `uname` varchar(24) COLLATE latin1_general_cs NOT NULL,
  `upass` varchar(64) COLLATE latin1_general_cs NOT NULL,
  `email` varchar(32) COLLATE latin1_general_cs NOT NULL
) ENGINE=InnoDB DEFAULT CHARSET=latin1 COLLATE=latin1_general_cs;

--
-- Daten für Tabelle `core_accounts`
--

INSERT INTO `core_accounts` (`accid`, `uname`, `upass`, `email`) VALUES
(0, 'admin', 'b72f06050bf97dd91681ff5b4555a37020d3787119f09a4ccc0c88237422715e', 'admin@admin.com'),
(12, 'test', '', 'test');

-- --------------------------------------------------------

--
-- Tabellenstruktur für Tabelle `data_businesstypes`
--

CREATE TABLE `data_businesstypes` (
  `busid` varchar(12) COLLATE latin1_general_cs NOT NULL,
  `type` varchar(32) COLLATE latin1_general_cs NOT NULL
) ENGINE=InnoDB DEFAULT CHARSET=latin1 COLLATE=latin1_general_cs;

--
-- Daten für Tabelle `data_businesstypes`
--

INSERT INTO `data_businesstypes` (`busid`, `type`) VALUES
('garage', 'hangar'),
('office', 'operation'),
('garage', 'parking');

-- --------------------------------------------------------

--
-- Tabellenstruktur für Tabelle `data_vehicles`
--

CREATE TABLE `data_vehicles` (
  `uid` int(11) NOT NULL,
  `name` varchar(64) COLLATE latin1_general_cs NOT NULL,
  `travel` enum('land','sea','air','') COLLATE latin1_general_cs NOT NULL,
  `type` smallint(4) UNSIGNED NOT NULL,
  `tank` mediumint(8) UNSIGNED NOT NULL,
  `consume` smallint(5) UNSIGNED NOT NULL,
  `speed` smallint(4) UNSIGNED NOT NULL,
  `storage` int(11) NOT NULL,
  `seats` int(11) NOT NULL,
  `pollution` int(11) NOT NULL
) ENGINE=InnoDB DEFAULT CHARSET=latin1 COLLATE=latin1_general_cs;

--
-- Daten für Tabelle `data_vehicles`
--

INSERT INTO `data_vehicles` (`uid`, `name`, `travel`, `type`, `tank`, `consume`, `speed`, `storage`, `seats`, `pollution`) VALUES
(1, 'Kleintransporter', 'land', 0, 80, 3, 100, 40, 0, 10),
(2, 'Baufahrzeug', 'land', 0, 40, 2, 0, 0, 0, 12),
(3, 'Containerschiff', 'sea', 0, 10000, 50, 28, 20000, 0, 120);

-- --------------------------------------------------------

--
-- Tabellenstruktur für Tabelle `game_bank_account`
--

CREATE TABLE `game_bank_account` (
  `ownid` int(10) UNSIGNED NOT NULL COMMENT 'hashed user or comp ID',
  `bnkid` smallint(5) UNSIGNED NOT NULL,
  `bacid` mediumint(8) UNSIGNED NOT NULL,
  `value` bigint(20) UNSIGNED NOT NULL COMMENT 'money in cent'
) ENGINE=InnoDB DEFAULT CHARSET=latin1 COLLATE=latin1_general_cs;

-- --------------------------------------------------------

--
-- Tabellenstruktur für Tabelle `game_business`
--

CREATE TABLE `game_business` (
  `busid` int(10) UNSIGNED NOT NULL,
  `comid` int(10) UNSIGNED NOT NULL,
  `ctyid` int(10) UNSIGNED NOT NULL,
  `bustype` varchar(12) COLLATE latin1_general_cs NOT NULL,
  `name` varchar(64) COLLATE latin1_general_cs NOT NULL,
  `type` varchar(32) COLLATE latin1_general_cs NOT NULL,
  `size` smallint(5) UNSIGNED NOT NULL,
  `builddate` timestamp NOT NULL DEFAULT CURRENT_TIMESTAMP ON UPDATE CURRENT_TIMESTAMP
) ENGINE=InnoDB DEFAULT CHARSET=latin1 COLLATE=latin1_general_cs;

--
-- Daten für Tabelle `game_business`
--

INSERT INTO `game_business` (`busid`, `comid`, `ctyid`, `bustype`, `name`, `type`, `size`, `builddate`) VALUES
(1, 1, 3584, 'office', 'Heimb&uuml;ro', 'operation', 100, '2016-09-22 15:14:34'),
(11, 20, 3578, 'office', 'Heimb&uuml;ro', 'operation', 30, '2018-06-23 17:05:29');

-- --------------------------------------------------------

--
-- Tabellenstruktur für Tabelle `game_company`
--

CREATE TABLE `game_company` (
  `comid` int(10) UNSIGNED NOT NULL,
  `gamid` smallint(5) UNSIGNED NOT NULL,
  `name` varchar(32) COLLATE latin1_general_cs NOT NULL,
  `firm` varchar(14) COLLATE latin1_general_cs NOT NULL COMMENT 'rechtsform',
  `isic` varchar(1) COLLATE latin1_general_cs NOT NULL COMMENT 'industry classification',
  `allshares` int(10) UNSIGNED NOT NULL DEFAULT '10000'
) ENGINE=InnoDB DEFAULT CHARSET=latin1 COLLATE=latin1_general_cs;

--
-- Daten für Tabelle `game_company`
--

INSERT INTO `game_company` (`comid`, `gamid`, `name`, `firm`, `isic`, `allshares`) VALUES
(1, 1, 'Construct', 'AG', 'f', 10000),
(20, 1, 'newcomp', 'GmbH', 'm', 10000);

-- --------------------------------------------------------

--
-- Tabellenstruktur für Tabelle `game_company_owners`
--

CREATE TABLE `game_company_owners` (
  `comid` int(10) UNSIGNED NOT NULL,
  `ownid` int(10) UNSIGNED NOT NULL COMMENT 'hashed user or comp ID',
  `shares` int(10) UNSIGNED NOT NULL DEFAULT '0'
) ENGINE=InnoDB DEFAULT CHARSET=latin1 COLLATE=latin1_general_cs;

--
-- Daten für Tabelle `game_company_owners`
--

INSERT INTO `game_company_owners` (`comid`, `ownid`, `shares`) VALUES
(1, 11, 10000),
(20, 121, 10000);

-- --------------------------------------------------------

--
-- Tabellenstruktur für Tabelle `game_subsidiary`
--

CREATE TABLE `game_subsidiary` (
  `comid` int(10) UNSIGNED NOT NULL,
  `ctyid` int(10) UNSIGNED NOT NULL
) ENGINE=InnoDB DEFAULT CHARSET=latin1 COLLATE=latin1_general_cs;

--
-- Daten für Tabelle `game_subsidiary`
--

INSERT INTO `game_subsidiary` (`comid`, `ctyid`) VALUES
(20, 3578),
(1, 3584);

-- --------------------------------------------------------

--
-- Tabellenstruktur für Tabelle `game_users`
--

CREATE TABLE `game_users` (
  `usrid` int(10) UNSIGNED NOT NULL,
  `accid` int(10) UNSIGNED NOT NULL,
  `gamid` smallint(5) UNSIGNED NOT NULL,
  `lastlogin` timestamp NOT NULL DEFAULT CURRENT_TIMESTAMP,
  `tutstate` tinyint(3) UNSIGNED NOT NULL DEFAULT '1'
) ENGINE=InnoDB DEFAULT CHARSET=latin1 COLLATE=latin1_general_cs;

--
-- Daten für Tabelle `game_users`
--

INSERT INTO `game_users` (`usrid`, `accid`, `gamid`, `lastlogin`, `tutstate`) VALUES
(1, 0, 1, '2016-09-09 08:24:55', 0),
(12, 12, 1, '0000-00-00 00:00:00', 0);

-- --------------------------------------------------------

--
-- Tabellenstruktur für Tabelle `game_vehicles`
--

CREATE TABLE `game_vehicles` (
  `ownid` int(10) UNSIGNED NOT NULL COMMENT 'hashed user or comp ID',
  `vehid` int(10) UNSIGNED NOT NULL,
  `type` tinyint(3) UNSIGNED NOT NULL,
  `data` varchar(400) COLLATE latin1_general_cs NOT NULL
) ENGINE=InnoDB DEFAULT CHARSET=latin1 COLLATE=latin1_general_cs;

-- --------------------------------------------------------

--
-- Tabellenstruktur für Tabelle `world_city`
--

CREATE TABLE `world_city` (
  `ctyid` int(10) UNSIGNED NOT NULL,
  `maptileid` int(10) UNSIGNED NOT NULL,
  `gamid` smallint(5) UNSIGNED NOT NULL,
  `name` varchar(64) COLLATE latin1_general_cs NOT NULL,
  `residents` int(10) UNSIGNED NOT NULL
) ENGINE=InnoDB DEFAULT CHARSET=latin1 COLLATE=latin1_general_cs;

--
-- Daten für Tabelle `world_city`
--

INSERT INTO `world_city` (`ctyid`, `maptileid`, `gamid`, `name`, `residents`) VALUES
(3578, 100216, 1, 'El Paso', 4647693),
(3579, 100363, 1, 'Chemnitz', 412530),
(3580, 100576, 1, 'Bremen', 2079858),
(3581, 100646, 1, 'Jacksonville', 4883661),
(3582, 100652, 1, 'Neustadt', 3292298),
(3583, 100870, 1, 'Stockholm', 4483503),
(3584, 100982, 1, 'Heidelberg', 2619385),
(3585, 101007, 1, 'Karlsruhe', 2121429),
(3586, 101074, 1, 'Kiel', 1745495),
(3587, 101224, 1, 'New Jearsy', 1173520),
(3588, 101265, 1, 'Darmstadt', 2129056),
(3589, 101287, 1, 'K&ouml;ln', 4307199),
(3590, 101294, 1, 'Freiburg', 1334121),
(3591, 101307, 1, 'London', 157870),
(3592, 101326, 1, 'Dallas', 223367),
(3593, 101425, 1, 'Houston', 2977673),
(3594, 101441, 1, 'Paris', 3910480),
(3595, 101501, 1, 'Rom', 4314527),
(3596, 101517, 1, 'Stuttgart', 1873797),
(3597, 101543, 1, 'Rummelbach', 3306653),
(3598, 101639, 1, 'Mannheim', 3540827),
(3599, 101651, 1, 'Gotham City', 4088428),
(3600, 101655, 1, 'Hongkong', 2020941),
(3601, 101665, 1, 'Hamburg', 3444226),
(3602, 101828, 1, 'M&uuml;nster', 2673517),
(3603, 101841, 1, 'Charlotte', 3507929),
(3604, 101905, 1, 'Phoenix', 142617),
(3605, 101968, 1, 'Limburg', 4899961),
(3606, 102059, 1, 'San Jose', 792801),
(3607, 102116, 1, 'New York', 587936),
(3608, 102174, 1, 'Philadelphia', 4345929),
(3609, 102197, 1, 'Nashville', 258508),
(3610, 102264, 1, 'Achen', 303817),
(3611, 102309, 1, 'Frankfurt', 1466012),
(3612, 102401, 1, 'Bonn', 3001450),
(3613, 102536, 1, 'Detroit', 3254315),
(3614, 102690, 1, 'Los Angeles', 4129550),
(3615, 102741, 1, 'Baltimore', 250134);

-- --------------------------------------------------------

--
-- Tabellenstruktur für Tabelle `world_map_tile`
--

CREATE TABLE `world_map_tile` (
  `maptileid` int(10) UNSIGNED NOT NULL COMMENT 'gamid*100.000+tileid',
  `gamid` smallint(5) UNSIGNED NOT NULL,
  `tilex` smallint(5) UNSIGNED NOT NULL,
  `tiley` smallint(5) UNSIGNED NOT NULL,
  `field` tinyint(3) UNSIGNED NOT NULL COMMENT 'Tile ID',
  `content` tinyint(3) UNSIGNED NOT NULL
) ENGINE=InnoDB DEFAULT CHARSET=latin1 COLLATE=latin1_general_cs;

--
-- Daten für Tabelle `world_map_tile`
--

INSERT INTO `world_map_tile` (`maptileid`, `gamid`, `tilex`, `tiley`, `field`, `content`) VALUES
(100000, 1, 0, 0, 1, 0),
(100001, 1, 1, 0, 1, 0),
(100002, 1, 2, 0, 1, 0),
(100003, 1, 3, 0, 1, 0),
(100004, 1, 4, 0, 1, 0),
(100005, 1, 5, 0, 1, 0),
(100006, 1, 6, 0, 1, 0),
(100007, 1, 7, 0, 1, 0),
(100008, 1, 8, 0, 1, 0),
(100009, 1, 9, 0, 1, 0),
(100010, 1, 10, 0, 1, 0),
(100011, 1, 11, 0, 1, 0),
(100012, 1, 12, 0, 1, 0),
(100013, 1, 13, 0, 1, 0),
(100014, 1, 14, 0, 1, 0),
(100015, 1, 15, 0, 1, 0),
(100016, 1, 16, 0, 1, 0),
(100017, 1, 17, 0, 1, 0),
(100018, 1, 18, 0, 1, 0),
(100019, 1, 19, 0, 1, 0),
(100020, 1, 20, 0, 1, 0),
(100021, 1, 21, 0, 1, 0),
(100022, 1, 22, 0, 1, 0),
(100023, 1, 23, 0, 1, 0),
(100024, 1, 24, 0, 1, 0),
(100025, 1, 25, 0, 1, 0),
(100026, 1, 26, 0, 1, 0),
(100027, 1, 27, 0, 1, 0),
(100028, 1, 28, 0, 1, 0),
(100029, 1, 29, 0, 1, 0),
(100030, 1, 30, 0, 1, 0),
(100031, 1, 31, 0, 1, 0),
(100032, 1, 32, 0, 1, 0),
(100033, 1, 33, 0, 1, 0),
(100034, 1, 34, 0, 1, 0),
(100035, 1, 35, 0, 1, 0),
(100036, 1, 36, 0, 1, 0),
(100037, 1, 37, 0, 1, 0),
(100038, 1, 38, 0, 1, 0),
(100039, 1, 39, 0, 1, 0),
(100040, 1, 40, 0, 1, 0),
(100041, 1, 41, 0, 1, 0),
(100042, 1, 42, 0, 1, 0),
(100043, 1, 43, 0, 1, 0),
(100044, 1, 44, 0, 1, 0),
(100045, 1, 45, 0, 1, 0),
(100046, 1, 46, 0, 1, 0),
(100047, 1, 47, 0, 1, 0),
(100048, 1, 48, 0, 1, 0),
(100049, 1, 49, 0, 1, 0),
(100050, 1, 50, 0, 1, 0),
(100051, 1, 51, 0, 1, 0),
(100052, 1, 52, 0, 1, 0),
(100053, 1, 53, 0, 1, 0),
(100054, 1, 54, 0, 1, 0),
(100055, 1, 55, 0, 1, 0),
(100056, 1, 56, 0, 1, 0),
(100057, 1, 57, 0, 1, 0),
(100058, 1, 58, 0, 1, 0),
(100059, 1, 59, 0, 1, 0),
(100060, 1, 60, 0, 1, 0),
(100061, 1, 61, 0, 1, 0),
(100062, 1, 62, 0, 1, 0),
(100063, 1, 63, 0, 1, 0),
(100064, 1, 64, 0, 1, 0),
(100065, 1, 65, 0, 1, 0),
(100066, 1, 66, 0, 1, 0),
(100067, 1, 67, 0, 1, 0),
(100068, 1, 68, 0, 1, 0),
(100069, 1, 69, 0, 1, 0),
(100070, 1, 70, 0, 1, 0),
(100071, 1, 71, 0, 1, 0),
(100072, 1, 0, 1, 1, 0),
(100073, 1, 1, 1, 1, 0),
(100074, 1, 2, 1, 1, 0),
(100075, 1, 3, 1, 1, 0),
(100076, 1, 4, 1, 1, 0),
(100077, 1, 5, 1, 1, 0),
(100078, 1, 6, 1, 1, 0),
(100079, 1, 7, 1, 1, 0),
(100080, 1, 8, 1, 1, 0),
(100081, 1, 9, 1, 1, 0),
(100082, 1, 10, 1, 1, 0),
(100083, 1, 11, 1, 1, 0),
(100084, 1, 12, 1, 1, 0),
(100085, 1, 13, 1, 1, 0),
(100086, 1, 14, 1, 1, 0),
(100087, 1, 15, 1, 1, 0),
(100088, 1, 16, 1, 1, 0),
(100089, 1, 17, 1, 1, 0),
(100090, 1, 18, 1, 1, 0),
(100091, 1, 19, 1, 1, 0),
(100092, 1, 20, 1, 1, 0),
(100093, 1, 21, 1, 1, 0),
(100094, 1, 22, 1, 1, 0),
(100095, 1, 23, 1, 1, 0),
(100096, 1, 24, 1, 1, 0),
(100097, 1, 25, 1, 1, 0),
(100098, 1, 26, 1, 1, 0),
(100099, 1, 27, 1, 1, 0),
(100100, 1, 28, 1, 1, 0),
(100101, 1, 29, 1, 1, 0),
(100102, 1, 30, 1, 1, 0),
(100103, 1, 31, 1, 1, 0),
(100104, 1, 32, 1, 1, 0),
(100105, 1, 33, 1, 1, 0),
(100106, 1, 34, 1, 1, 0),
(100107, 1, 35, 1, 1, 0),
(100108, 1, 36, 1, 1, 0),
(100109, 1, 37, 1, 1, 0),
(100110, 1, 38, 1, 1, 0),
(100111, 1, 39, 1, 1, 0),
(100112, 1, 40, 1, 1, 0),
(100113, 1, 41, 1, 1, 0),
(100114, 1, 42, 1, 1, 0),
(100115, 1, 43, 1, 1, 0),
(100116, 1, 44, 1, 1, 0),
(100117, 1, 45, 1, 1, 0),
(100118, 1, 46, 1, 1, 0),
(100119, 1, 47, 1, 1, 0),
(100120, 1, 48, 1, 1, 0),
(100121, 1, 49, 1, 1, 0),
(100122, 1, 50, 1, 1, 0),
(100123, 1, 51, 1, 1, 0),
(100124, 1, 52, 1, 1, 0),
(100125, 1, 53, 1, 1, 0),
(100126, 1, 54, 1, 1, 0),
(100127, 1, 55, 1, 1, 0),
(100128, 1, 56, 1, 1, 0),
(100129, 1, 57, 1, 1, 0),
(100130, 1, 58, 1, 1, 0),
(100131, 1, 59, 1, 1, 0),
(100132, 1, 60, 1, 1, 0),
(100133, 1, 61, 1, 1, 0),
(100134, 1, 62, 1, 1, 0),
(100135, 1, 63, 1, 1, 0),
(100136, 1, 64, 1, 1, 0),
(100137, 1, 65, 1, 1, 0),
(100138, 1, 66, 1, 1, 0),
(100139, 1, 67, 1, 1, 0),
(100140, 1, 68, 1, 1, 0),
(100141, 1, 69, 1, 1, 0),
(100142, 1, 70, 1, 1, 0),
(100143, 1, 71, 1, 1, 0),
(100144, 1, 0, 2, 4, 0),
(100145, 1, 1, 2, 4, 0),
(100146, 1, 2, 2, 1, 0),
(100147, 1, 3, 2, 1, 0),
(100148, 1, 4, 2, 1, 2),
(100149, 1, 5, 2, 1, 0),
(100150, 1, 6, 2, 1, 0),
(100151, 1, 7, 2, 1, 0),
(100152, 1, 8, 2, 1, 0),
(100153, 1, 9, 2, 1, 2),
(100154, 1, 10, 2, 1, 0),
(100155, 1, 11, 2, 1, 0),
(100156, 1, 12, 2, 1, 0),
(100157, 1, 13, 2, 1, 0),
(100158, 1, 14, 2, 1, 0),
(100159, 1, 15, 2, 1, 0),
(100160, 1, 16, 2, 1, 0),
(100161, 1, 17, 2, 1, 0),
(100162, 1, 18, 2, 1, 0),
(100163, 1, 19, 2, 1, 0),
(100164, 1, 20, 2, 1, 0),
(100165, 1, 21, 2, 1, 0),
(100166, 1, 22, 2, 1, 0),
(100167, 1, 23, 2, 1, 0),
(100168, 1, 24, 2, 1, 0),
(100169, 1, 25, 2, 1, 0),
(100170, 1, 26, 2, 1, 0),
(100171, 1, 27, 2, 1, 0),
(100172, 1, 28, 2, 1, 0),
(100173, 1, 29, 2, 1, 0),
(100174, 1, 30, 2, 1, 0),
(100175, 1, 31, 2, 1, 0),
(100176, 1, 32, 2, 1, 0),
(100177, 1, 33, 2, 1, 0),
(100178, 1, 34, 2, 1, 0),
(100179, 1, 35, 2, 1, 0),
(100180, 1, 36, 2, 1, 0),
(100181, 1, 37, 2, 1, 0),
(100182, 1, 38, 2, 1, 0),
(100183, 1, 39, 2, 1, 0),
(100184, 1, 40, 2, 1, 0),
(100185, 1, 41, 2, 1, 0),
(100186, 1, 42, 2, 1, 0),
(100187, 1, 43, 2, 1, 0),
(100188, 1, 44, 2, 1, 0),
(100189, 1, 45, 2, 1, 0),
(100190, 1, 46, 2, 1, 0),
(100191, 1, 47, 2, 1, 0),
(100192, 1, 48, 2, 1, 0),
(100193, 1, 49, 2, 1, 0),
(100194, 1, 50, 2, 1, 0),
(100195, 1, 51, 2, 1, 0),
(100196, 1, 52, 2, 1, 0),
(100197, 1, 53, 2, 1, 0),
(100198, 1, 54, 2, 1, 0),
(100199, 1, 55, 2, 1, 0),
(100200, 1, 56, 2, 1, 0),
(100201, 1, 57, 2, 1, 0),
(100202, 1, 58, 2, 1, 0),
(100203, 1, 59, 2, 1, 0),
(100204, 1, 60, 2, 1, 0),
(100205, 1, 61, 2, 1, 0),
(100206, 1, 62, 2, 1, 0),
(100207, 1, 63, 2, 1, 0),
(100208, 1, 64, 2, 1, 0),
(100209, 1, 65, 2, 1, 0),
(100210, 1, 66, 2, 1, 0),
(100211, 1, 67, 2, 1, 0),
(100212, 1, 68, 2, 1, 0),
(100213, 1, 69, 2, 1, 0),
(100214, 1, 70, 2, 1, 0),
(100215, 1, 71, 2, 1, 0),
(100216, 1, 0, 3, 4, 1),
(100217, 1, 1, 3, 4, 0),
(100218, 1, 2, 3, 4, 0),
(100219, 1, 3, 3, 1, 0),
(100220, 1, 4, 3, 1, 0),
(100221, 1, 5, 3, 1, 0),
(100222, 1, 6, 3, 1, 0),
(100223, 1, 7, 3, 1, 0),
(100224, 1, 8, 3, 1, 0),
(100225, 1, 9, 3, 1, 0),
(100226, 1, 10, 3, 1, 0),
(100227, 1, 11, 3, 1, 0),
(100228, 1, 12, 3, 1, 0),
(100229, 1, 13, 3, 1, 0),
(100230, 1, 14, 3, 1, 0),
(100231, 1, 15, 3, 1, 0),
(100232, 1, 16, 3, 1, 0),
(100233, 1, 17, 3, 1, 0),
(100234, 1, 18, 3, 1, 0),
(100235, 1, 19, 3, 1, 0),
(100236, 1, 20, 3, 1, 0),
(100237, 1, 21, 3, 1, 0),
(100238, 1, 22, 3, 1, 0),
(100239, 1, 23, 3, 1, 0),
(100240, 1, 24, 3, 1, 0),
(100241, 1, 25, 3, 1, 0),
(100242, 1, 26, 3, 1, 0),
(100243, 1, 27, 3, 1, 0),
(100244, 1, 28, 3, 1, 0),
(100245, 1, 29, 3, 1, 0),
(100246, 1, 30, 3, 1, 0),
(100247, 1, 31, 3, 1, 0),
(100248, 1, 32, 3, 1, 0),
(100249, 1, 33, 3, 1, 0),
(100250, 1, 34, 3, 1, 0),
(100251, 1, 35, 3, 1, 0),
(100252, 1, 36, 3, 1, 0),
(100253, 1, 37, 3, 1, 0),
(100254, 1, 38, 3, 1, 0),
(100255, 1, 39, 3, 1, 0),
(100256, 1, 40, 3, 1, 0),
(100257, 1, 41, 3, 1, 0),
(100258, 1, 42, 3, 1, 0),
(100259, 1, 43, 3, 1, 0),
(100260, 1, 44, 3, 1, 0),
(100261, 1, 45, 3, 1, 0),
(100262, 1, 46, 3, 1, 0),
(100263, 1, 47, 3, 1, 0),
(100264, 1, 48, 3, 1, 0),
(100265, 1, 49, 3, 1, 0),
(100266, 1, 50, 3, 1, 0),
(100267, 1, 51, 3, 1, 0),
(100268, 1, 52, 3, 1, 0),
(100269, 1, 53, 3, 1, 0),
(100270, 1, 54, 3, 1, 0),
(100271, 1, 55, 3, 1, 0),
(100272, 1, 56, 3, 1, 0),
(100273, 1, 57, 3, 1, 0),
(100274, 1, 58, 3, 1, 0),
(100275, 1, 59, 3, 1, 0),
(100276, 1, 60, 3, 1, 0),
(100277, 1, 61, 3, 1, 0),
(100278, 1, 62, 3, 1, 0),
(100279, 1, 63, 3, 1, 0),
(100280, 1, 64, 3, 1, 0),
(100281, 1, 65, 3, 1, 0),
(100282, 1, 66, 3, 1, 0),
(100283, 1, 67, 3, 1, 0),
(100284, 1, 68, 3, 1, 0),
(100285, 1, 69, 3, 1, 0),
(100286, 1, 70, 3, 1, 0),
(100287, 1, 71, 3, 1, 0),
(100288, 1, 0, 4, 4, 0),
(100289, 1, 1, 4, 4, 0),
(100290, 1, 2, 4, 4, 0),
(100291, 1, 3, 4, 1, 0),
(100292, 1, 4, 4, 1, 0),
(100293, 1, 5, 4, 1, 0),
(100294, 1, 6, 4, 1, 0),
(100295, 1, 7, 4, 1, 0),
(100296, 1, 8, 4, 1, 0),
(100297, 1, 9, 4, 1, 0),
(100298, 1, 10, 4, 1, 0),
(100299, 1, 11, 4, 1, 0),
(100300, 1, 12, 4, 1, 0),
(100301, 1, 13, 4, 1, 0),
(100302, 1, 14, 4, 1, 0),
(100303, 1, 15, 4, 1, 0),
(100304, 1, 16, 4, 1, 0),
(100305, 1, 17, 4, 1, 0),
(100306, 1, 18, 4, 1, 0),
(100307, 1, 19, 4, 1, 2),
(100308, 1, 20, 4, 1, 0),
(100309, 1, 21, 4, 1, 0),
(100310, 1, 22, 4, 1, 0),
(100311, 1, 23, 4, 1, 0),
(100312, 1, 24, 4, 1, 0),
(100313, 1, 25, 4, 1, 0),
(100314, 1, 26, 4, 1, 0),
(100315, 1, 27, 4, 1, 0),
(100316, 1, 28, 4, 1, 0),
(100317, 1, 29, 4, 1, 0),
(100318, 1, 30, 4, 1, 0),
(100319, 1, 31, 4, 1, 0),
(100320, 1, 32, 4, 1, 0),
(100321, 1, 33, 4, 1, 0),
(100322, 1, 34, 4, 1, 0),
(100323, 1, 35, 4, 1, 0),
(100324, 1, 36, 4, 1, 0),
(100325, 1, 37, 4, 1, 0),
(100326, 1, 38, 4, 1, 0),
(100327, 1, 39, 4, 1, 0),
(100328, 1, 40, 4, 1, 0),
(100329, 1, 41, 4, 1, 0),
(100330, 1, 42, 4, 1, 0),
(100331, 1, 43, 4, 1, 0),
(100332, 1, 44, 4, 1, 0),
(100333, 1, 45, 4, 1, 0),
(100334, 1, 46, 4, 1, 0),
(100335, 1, 47, 4, 1, 0),
(100336, 1, 48, 4, 1, 0),
(100337, 1, 49, 4, 1, 0),
(100338, 1, 50, 4, 1, 0),
(100339, 1, 51, 4, 1, 0),
(100340, 1, 52, 4, 1, 0),
(100341, 1, 53, 4, 1, 0),
(100342, 1, 54, 4, 1, 0),
(100343, 1, 55, 4, 1, 0),
(100344, 1, 56, 4, 1, 0),
(100345, 1, 57, 4, 1, 0),
(100346, 1, 58, 4, 1, 0),
(100347, 1, 59, 4, 1, 0),
(100348, 1, 60, 4, 1, 0),
(100349, 1, 61, 4, 1, 0),
(100350, 1, 62, 4, 1, 0),
(100351, 1, 63, 4, 1, 0),
(100352, 1, 64, 4, 1, 0),
(100353, 1, 65, 4, 1, 0),
(100354, 1, 66, 4, 1, 0),
(100355, 1, 67, 4, 1, 0),
(100356, 1, 68, 4, 1, 0),
(100357, 1, 69, 4, 1, 0),
(100358, 1, 70, 4, 1, 0),
(100359, 1, 71, 4, 1, 0),
(100360, 1, 0, 5, 4, 0),
(100361, 1, 1, 5, 4, 0),
(100362, 1, 2, 5, 4, 0),
(100363, 1, 3, 5, 4, 1),
(100364, 1, 4, 5, 1, 0),
(100365, 1, 5, 5, 1, 0),
(100366, 1, 6, 5, 1, 2),
(100367, 1, 7, 5, 1, 0),
(100368, 1, 8, 5, 1, 0),
(100369, 1, 9, 5, 1, 0),
(100370, 1, 10, 5, 1, 0),
(100371, 1, 11, 5, 1, 0),
(100372, 1, 12, 5, 1, 0),
(100373, 1, 13, 5, 1, 0),
(100374, 1, 14, 5, 1, 0),
(100375, 1, 15, 5, 1, 0),
(100376, 1, 16, 5, 1, 0),
(100377, 1, 17, 5, 1, 0),
(100378, 1, 18, 5, 1, 0),
(100379, 1, 19, 5, 1, 0),
(100380, 1, 20, 5, 1, 0),
(100381, 1, 21, 5, 1, 0),
(100382, 1, 22, 5, 1, 0),
(100383, 1, 23, 5, 1, 0),
(100384, 1, 24, 5, 1, 0),
(100385, 1, 25, 5, 1, 0),
(100386, 1, 26, 5, 1, 0),
(100387, 1, 27, 5, 1, 0),
(100388, 1, 28, 5, 1, 0),
(100389, 1, 29, 5, 1, 0),
(100390, 1, 30, 5, 1, 0),
(100391, 1, 31, 5, 1, 0),
(100392, 1, 32, 5, 1, 0),
(100393, 1, 33, 5, 1, 0),
(100394, 1, 34, 5, 1, 0),
(100395, 1, 35, 5, 1, 0),
(100396, 1, 36, 5, 1, 0),
(100397, 1, 37, 5, 1, 0),
(100398, 1, 38, 5, 1, 0),
(100399, 1, 39, 5, 1, 0),
(100400, 1, 40, 5, 1, 0),
(100401, 1, 41, 5, 1, 0),
(100402, 1, 42, 5, 1, 0),
(100403, 1, 43, 5, 1, 0),
(100404, 1, 44, 5, 1, 0),
(100405, 1, 45, 5, 1, 0),
(100406, 1, 46, 5, 1, 0),
(100407, 1, 47, 5, 1, 0),
(100408, 1, 48, 5, 1, 0),
(100409, 1, 49, 5, 1, 0),
(100410, 1, 50, 5, 1, 0),
(100411, 1, 51, 5, 1, 0),
(100412, 1, 52, 5, 1, 0),
(100413, 1, 53, 5, 1, 0),
(100414, 1, 54, 5, 1, 0),
(100415, 1, 55, 5, 1, 0),
(100416, 1, 56, 5, 1, 0),
(100417, 1, 57, 5, 1, 0),
(100418, 1, 58, 5, 1, 0),
(100419, 1, 59, 5, 1, 0),
(100420, 1, 60, 5, 1, 0),
(100421, 1, 61, 5, 1, 0),
(100422, 1, 62, 5, 1, 0),
(100423, 1, 63, 5, 1, 0),
(100424, 1, 64, 5, 1, 0),
(100425, 1, 65, 5, 1, 0),
(100426, 1, 66, 5, 1, 0),
(100427, 1, 67, 5, 1, 0),
(100428, 1, 68, 5, 1, 0),
(100429, 1, 69, 5, 1, 0),
(100430, 1, 70, 5, 1, 0),
(100431, 1, 71, 5, 4, 0),
(100432, 1, 0, 6, 4, 0),
(100433, 1, 1, 6, 4, 0),
(100434, 1, 2, 6, 4, 0),
(100435, 1, 3, 6, 4, 0),
(100436, 1, 4, 6, 4, 0),
(100437, 1, 5, 6, 1, 0),
(100438, 1, 6, 6, 1, 0),
(100439, 1, 7, 6, 1, 0),
(100440, 1, 8, 6, 1, 0),
(100441, 1, 9, 6, 1, 0),
(100442, 1, 10, 6, 1, 0),
(100443, 1, 11, 6, 1, 0),
(100444, 1, 12, 6, 1, 0),
(100445, 1, 13, 6, 1, 0),
(100446, 1, 14, 6, 1, 0),
(100447, 1, 15, 6, 1, 0),
(100448, 1, 16, 6, 1, 0),
(100449, 1, 17, 6, 1, 0),
(100450, 1, 18, 6, 1, 0),
(100451, 1, 19, 6, 1, 0),
(100452, 1, 20, 6, 1, 0),
(100453, 1, 21, 6, 1, 0),
(100454, 1, 22, 6, 1, 0),
(100455, 1, 23, 6, 1, 0),
(100456, 1, 24, 6, 1, 0),
(100457, 1, 25, 6, 1, 0),
(100458, 1, 26, 6, 1, 0),
(100459, 1, 27, 6, 1, 0),
(100460, 1, 28, 6, 1, 0),
(100461, 1, 29, 6, 1, 0),
(100462, 1, 30, 6, 1, 0),
(100463, 1, 31, 6, 1, 0),
(100464, 1, 32, 6, 1, 0),
(100465, 1, 33, 6, 1, 0),
(100466, 1, 34, 6, 1, 0),
(100467, 1, 35, 6, 1, 0),
(100468, 1, 36, 6, 1, 0),
(100469, 1, 37, 6, 1, 0),
(100470, 1, 38, 6, 1, 0),
(100471, 1, 39, 6, 1, 0),
(100472, 1, 40, 6, 1, 0),
(100473, 1, 41, 6, 1, 0),
(100474, 1, 42, 6, 1, 0),
(100475, 1, 43, 6, 4, 0),
(100476, 1, 44, 6, 4, 0),
(100477, 1, 45, 6, 4, 0),
(100478, 1, 46, 6, 1, 0),
(100479, 1, 47, 6, 1, 0),
(100480, 1, 48, 6, 1, 0),
(100481, 1, 49, 6, 1, 0),
(100482, 1, 50, 6, 1, 0),
(100483, 1, 51, 6, 1, 0),
(100484, 1, 52, 6, 1, 0),
(100485, 1, 53, 6, 1, 0),
(100486, 1, 54, 6, 1, 0),
(100487, 1, 55, 6, 1, 0),
(100488, 1, 56, 6, 1, 0),
(100489, 1, 57, 6, 1, 0),
(100490, 1, 58, 6, 1, 0),
(100491, 1, 59, 6, 1, 0),
(100492, 1, 60, 6, 1, 0),
(100493, 1, 61, 6, 1, 0),
(100494, 1, 62, 6, 1, 0),
(100495, 1, 63, 6, 1, 0),
(100496, 1, 64, 6, 1, 0),
(100497, 1, 65, 6, 1, 0),
(100498, 1, 66, 6, 1, 0),
(100499, 1, 67, 6, 1, 0),
(100500, 1, 68, 6, 1, 0),
(100501, 1, 69, 6, 1, 0),
(100502, 1, 70, 6, 1, 0),
(100503, 1, 71, 6, 4, 0),
(100504, 1, 0, 7, 4, 0),
(100505, 1, 1, 7, 4, 0),
(100506, 1, 2, 7, 4, 0),
(100507, 1, 3, 7, 4, 0),
(100508, 1, 4, 7, 4, 0),
(100509, 1, 5, 7, 1, 0),
(100510, 1, 6, 7, 1, 0),
(100511, 1, 7, 7, 1, 0),
(100512, 1, 8, 7, 1, 0),
(100513, 1, 9, 7, 1, 0),
(100514, 1, 10, 7, 1, 0),
(100515, 1, 11, 7, 1, 0),
(100516, 1, 12, 7, 1, 0),
(100517, 1, 13, 7, 1, 0),
(100518, 1, 14, 7, 1, 0),
(100519, 1, 15, 7, 1, 0),
(100520, 1, 16, 7, 1, 0),
(100521, 1, 17, 7, 1, 0),
(100522, 1, 18, 7, 1, 0),
(100523, 1, 19, 7, 1, 0),
(100524, 1, 20, 7, 1, 0),
(100525, 1, 21, 7, 1, 0),
(100526, 1, 22, 7, 1, 0),
(100527, 1, 23, 7, 1, 0),
(100528, 1, 24, 7, 1, 0),
(100529, 1, 25, 7, 1, 0),
(100530, 1, 26, 7, 1, 0),
(100531, 1, 27, 7, 1, 0),
(100532, 1, 28, 7, 1, 0),
(100533, 1, 29, 7, 1, 0),
(100534, 1, 30, 7, 1, 0),
(100535, 1, 31, 7, 1, 0),
(100536, 1, 32, 7, 1, 0),
(100537, 1, 33, 7, 1, 0),
(100538, 1, 34, 7, 1, 0),
(100539, 1, 35, 7, 1, 0),
(100540, 1, 36, 7, 1, 0),
(100541, 1, 37, 7, 1, 0),
(100542, 1, 38, 7, 1, 0),
(100543, 1, 39, 7, 1, 0),
(100544, 1, 40, 7, 1, 0),
(100545, 1, 41, 7, 1, 0),
(100546, 1, 42, 7, 4, 0),
(100547, 1, 43, 7, 4, 0),
(100548, 1, 44, 7, 4, 0),
(100549, 1, 45, 7, 1, 0),
(100550, 1, 46, 7, 1, 0),
(100551, 1, 47, 7, 1, 0),
(100552, 1, 48, 7, 1, 0),
(100553, 1, 49, 7, 1, 0),
(100554, 1, 50, 7, 1, 0),
(100555, 1, 51, 7, 1, 0),
(100556, 1, 52, 7, 1, 0),
(100557, 1, 53, 7, 1, 0),
(100558, 1, 54, 7, 1, 0),
(100559, 1, 55, 7, 1, 0),
(100560, 1, 56, 7, 1, 0),
(100561, 1, 57, 7, 1, 0),
(100562, 1, 58, 7, 1, 0),
(100563, 1, 59, 7, 1, 0),
(100564, 1, 60, 7, 1, 0),
(100565, 1, 61, 7, 1, 0),
(100566, 1, 62, 7, 1, 0),
(100567, 1, 63, 7, 1, 0),
(100568, 1, 64, 7, 4, 0),
(100569, 1, 65, 7, 1, 0),
(100570, 1, 66, 7, 1, 0),
(100571, 1, 67, 7, 1, 0),
(100572, 1, 68, 7, 1, 0),
(100573, 1, 69, 7, 1, 0),
(100574, 1, 70, 7, 4, 0),
(100575, 1, 71, 7, 1, 0),
(100576, 1, 0, 8, 4, 1),
(100577, 1, 1, 8, 4, 0),
(100578, 1, 2, 8, 4, 0),
(100579, 1, 3, 8, 4, 0),
(100580, 1, 4, 8, 4, 0),
(100581, 1, 5, 8, 4, 0),
(100582, 1, 6, 8, 1, 0),
(100583, 1, 7, 8, 1, 0),
(100584, 1, 8, 8, 1, 0),
(100585, 1, 9, 8, 1, 0),
(100586, 1, 10, 8, 1, 0),
(100587, 1, 11, 8, 1, 0),
(100588, 1, 12, 8, 1, 0),
(100589, 1, 13, 8, 1, 0),
(100590, 1, 14, 8, 1, 0),
(100591, 1, 15, 8, 1, 0),
(100592, 1, 16, 8, 1, 0),
(100593, 1, 17, 8, 1, 0),
(100594, 1, 18, 8, 1, 0),
(100595, 1, 19, 8, 1, 0),
(100596, 1, 20, 8, 1, 0),
(100597, 1, 21, 8, 1, 0),
(100598, 1, 22, 8, 1, 0),
(100599, 1, 23, 8, 1, 0),
(100600, 1, 24, 8, 1, 0),
(100601, 1, 25, 8, 1, 0),
(100602, 1, 26, 8, 1, 0),
(100603, 1, 27, 8, 1, 0),
(100604, 1, 28, 8, 1, 0),
(100605, 1, 29, 8, 1, 0),
(100606, 1, 30, 8, 1, 0),
(100607, 1, 31, 8, 1, 0),
(100608, 1, 32, 8, 1, 2),
(100609, 1, 33, 8, 1, 0),
(100610, 1, 34, 8, 1, 0),
(100611, 1, 35, 8, 1, 0),
(100612, 1, 36, 8, 1, 0),
(100613, 1, 37, 8, 1, 0),
(100614, 1, 38, 8, 1, 0),
(100615, 1, 39, 8, 1, 0),
(100616, 1, 40, 8, 1, 0),
(100617, 1, 41, 8, 1, 0),
(100618, 1, 42, 8, 4, 0),
(100619, 1, 43, 8, 4, 0),
(100620, 1, 44, 8, 4, 0),
(100621, 1, 45, 8, 1, 0),
(100622, 1, 46, 8, 1, 0),
(100623, 1, 47, 8, 1, 0),
(100624, 1, 48, 8, 1, 0),
(100625, 1, 49, 8, 1, 0),
(100626, 1, 50, 8, 1, 0),
(100627, 1, 51, 8, 1, 0),
(100628, 1, 52, 8, 1, 0),
(100629, 1, 53, 8, 1, 0),
(100630, 1, 54, 8, 1, 0),
(100631, 1, 55, 8, 1, 0),
(100632, 1, 56, 8, 1, 0),
(100633, 1, 57, 8, 1, 0),
(100634, 1, 58, 8, 1, 0),
(100635, 1, 59, 8, 1, 0),
(100636, 1, 60, 8, 1, 0),
(100637, 1, 61, 8, 1, 0),
(100638, 1, 62, 8, 1, 0),
(100639, 1, 63, 8, 1, 0),
(100640, 1, 64, 8, 1, 0),
(100641, 1, 65, 8, 1, 0),
(100642, 1, 66, 8, 1, 0),
(100643, 1, 67, 8, 1, 0),
(100644, 1, 68, 8, 4, 0),
(100645, 1, 69, 8, 4, 0),
(100646, 1, 70, 8, 4, 1),
(100647, 1, 71, 8, 1, 0),
(100648, 1, 0, 9, 4, 0),
(100649, 1, 1, 9, 4, 0),
(100650, 1, 2, 9, 4, 0),
(100651, 1, 3, 9, 4, 0),
(100652, 1, 4, 9, 4, 1),
(100653, 1, 5, 9, 4, 0),
(100654, 1, 6, 9, 4, 0),
(100655, 1, 7, 9, 1, 0),
(100656, 1, 8, 9, 1, 0),
(100657, 1, 9, 9, 1, 0),
(100658, 1, 10, 9, 1, 0),
(100659, 1, 11, 9, 1, 0),
(100660, 1, 12, 9, 1, 0),
(100661, 1, 13, 9, 1, 0),
(100662, 1, 14, 9, 1, 0),
(100663, 1, 15, 9, 1, 0),
(100664, 1, 16, 9, 1, 0),
(100665, 1, 17, 9, 1, 0),
(100666, 1, 18, 9, 1, 0),
(100667, 1, 19, 9, 1, 0),
(100668, 1, 20, 9, 1, 0),
(100669, 1, 21, 9, 1, 0),
(100670, 1, 22, 9, 1, 0),
(100671, 1, 23, 9, 1, 0),
(100672, 1, 24, 9, 1, 0),
(100673, 1, 25, 9, 1, 0),
(100674, 1, 26, 9, 1, 0),
(100675, 1, 27, 9, 1, 0),
(100676, 1, 28, 9, 1, 0),
(100677, 1, 29, 9, 1, 0),
(100678, 1, 30, 9, 1, 0),
(100679, 1, 31, 9, 1, 0),
(100680, 1, 32, 9, 1, 0),
(100681, 1, 33, 9, 1, 0),
(100682, 1, 34, 9, 1, 0),
(100683, 1, 35, 9, 1, 0),
(100684, 1, 36, 9, 1, 0),
(100685, 1, 37, 9, 1, 0),
(100686, 1, 38, 9, 1, 0),
(100687, 1, 39, 9, 1, 0),
(100688, 1, 40, 9, 1, 0),
(100689, 1, 41, 9, 1, 0),
(100690, 1, 42, 9, 4, 0),
(100691, 1, 43, 9, 4, 0),
(100692, 1, 44, 9, 4, 0),
(100693, 1, 45, 9, 4, 0),
(100694, 1, 46, 9, 4, 0),
(100695, 1, 47, 9, 1, 0),
(100696, 1, 48, 9, 1, 0),
(100697, 1, 49, 9, 1, 0),
(100698, 1, 50, 9, 1, 0),
(100699, 1, 51, 9, 1, 0),
(100700, 1, 52, 9, 1, 0),
(100701, 1, 53, 9, 1, 0),
(100702, 1, 54, 9, 1, 0),
(100703, 1, 55, 9, 1, 0),
(100704, 1, 56, 9, 1, 0),
(100705, 1, 57, 9, 1, 0),
(100706, 1, 58, 9, 1, 0),
(100707, 1, 59, 9, 1, 0),
(100708, 1, 60, 9, 1, 0),
(100709, 1, 61, 9, 1, 0),
(100710, 1, 62, 9, 1, 0),
(100711, 1, 63, 9, 1, 0),
(100712, 1, 64, 9, 1, 0),
(100713, 1, 65, 9, 1, 0),
(100714, 1, 66, 9, 1, 0),
(100715, 1, 67, 9, 1, 0),
(100716, 1, 68, 9, 1, 0),
(100717, 1, 69, 9, 4, 0),
(100718, 1, 70, 9, 4, 0),
(100719, 1, 71, 9, 4, 0),
(100720, 1, 0, 10, 4, 0),
(100721, 1, 1, 10, 4, 0),
(100722, 1, 2, 10, 4, 0),
(100723, 1, 3, 10, 4, 0),
(100724, 1, 4, 10, 4, 0),
(100725, 1, 5, 10, 4, 0),
(100726, 1, 6, 10, 4, 0),
(100727, 1, 7, 10, 4, 0),
(100728, 1, 8, 10, 4, 0),
(100729, 1, 9, 10, 1, 0),
(100730, 1, 10, 10, 1, 0),
(100731, 1, 11, 10, 1, 0),
(100732, 1, 12, 10, 1, 0),
(100733, 1, 13, 10, 1, 0),
(100734, 1, 14, 10, 1, 0),
(100735, 1, 15, 10, 1, 0),
(100736, 1, 16, 10, 1, 0),
(100737, 1, 17, 10, 1, 0),
(100738, 1, 18, 10, 1, 0),
(100739, 1, 19, 10, 1, 0),
(100740, 1, 20, 10, 1, 0),
(100741, 1, 21, 10, 1, 0),
(100742, 1, 22, 10, 1, 0),
(100743, 1, 23, 10, 1, 0),
(100744, 1, 24, 10, 1, 0),
(100745, 1, 25, 10, 1, 0),
(100746, 1, 26, 10, 1, 0),
(100747, 1, 27, 10, 1, 0),
(100748, 1, 28, 10, 1, 0),
(100749, 1, 29, 10, 1, 0),
(100750, 1, 30, 10, 1, 0),
(100751, 1, 31, 10, 1, 0),
(100752, 1, 32, 10, 1, 0),
(100753, 1, 33, 10, 1, 0),
(100754, 1, 34, 10, 1, 0),
(100755, 1, 35, 10, 1, 0),
(100756, 1, 36, 10, 1, 0),
(100757, 1, 37, 10, 1, 0),
(100758, 1, 38, 10, 1, 0),
(100759, 1, 39, 10, 1, 0),
(100760, 1, 40, 10, 1, 0),
(100761, 1, 41, 10, 1, 0),
(100762, 1, 42, 10, 4, 0),
(100763, 1, 43, 10, 4, 0),
(100764, 1, 44, 10, 4, 0),
(100765, 1, 45, 10, 4, 0),
(100766, 1, 46, 10, 4, 0),
(100767, 1, 47, 10, 4, 0),
(100768, 1, 48, 10, 1, 0),
(100769, 1, 49, 10, 1, 0),
(100770, 1, 50, 10, 1, 0),
(100771, 1, 51, 10, 1, 0),
(100772, 1, 52, 10, 1, 0),
(100773, 1, 53, 10, 1, 0),
(100774, 1, 54, 10, 1, 0),
(100775, 1, 55, 10, 1, 0),
(100776, 1, 56, 10, 1, 0),
(100777, 1, 57, 10, 1, 0),
(100778, 1, 58, 10, 1, 2),
(100779, 1, 59, 10, 1, 0),
(100780, 1, 60, 10, 1, 0),
(100781, 1, 61, 10, 1, 0),
(100782, 1, 62, 10, 1, 0),
(100783, 1, 63, 10, 1, 0),
(100784, 1, 64, 10, 1, 0),
(100785, 1, 65, 10, 1, 0),
(100786, 1, 66, 10, 1, 0),
(100787, 1, 67, 10, 1, 0),
(100788, 1, 68, 10, 1, 0),
(100789, 1, 69, 10, 1, 0),
(100790, 1, 70, 10, 1, 0),
(100791, 1, 71, 10, 1, 0),
(100792, 1, 0, 11, 4, 0),
(100793, 1, 1, 11, 4, 0),
(100794, 1, 2, 11, 4, 0),
(100795, 1, 3, 11, 4, 0),
(100796, 1, 4, 11, 4, 0),
(100797, 1, 5, 11, 4, 0),
(100798, 1, 6, 11, 4, 0),
(100799, 1, 7, 11, 4, 0),
(100800, 1, 8, 11, 4, 0),
(100801, 1, 9, 11, 1, 0),
(100802, 1, 10, 11, 1, 0),
(100803, 1, 11, 11, 1, 0),
(100804, 1, 12, 11, 1, 0),
(100805, 1, 13, 11, 1, 0),
(100806, 1, 14, 11, 1, 0),
(100807, 1, 15, 11, 1, 0),
(100808, 1, 16, 11, 1, 0),
(100809, 1, 17, 11, 1, 0),
(100810, 1, 18, 11, 1, 0),
(100811, 1, 19, 11, 1, 0),
(100812, 1, 20, 11, 1, 0),
(100813, 1, 21, 11, 1, 0),
(100814, 1, 22, 11, 1, 0),
(100815, 1, 23, 11, 1, 0),
(100816, 1, 24, 11, 1, 0),
(100817, 1, 25, 11, 1, 0),
(100818, 1, 26, 11, 1, 0),
(100819, 1, 27, 11, 1, 0),
(100820, 1, 28, 11, 1, 0),
(100821, 1, 29, 11, 1, 0),
(100822, 1, 30, 11, 1, 0),
(100823, 1, 31, 11, 1, 0),
(100824, 1, 32, 11, 1, 0),
(100825, 1, 33, 11, 1, 0),
(100826, 1, 34, 11, 1, 0),
(100827, 1, 35, 11, 1, 0),
(100828, 1, 36, 11, 1, 0),
(100829, 1, 37, 11, 1, 0),
(100830, 1, 38, 11, 1, 0),
(100831, 1, 39, 11, 1, 0),
(100832, 1, 40, 11, 1, 0),
(100833, 1, 41, 11, 1, 0),
(100834, 1, 42, 11, 4, 0),
(100835, 1, 43, 11, 4, 0),
(100836, 1, 44, 11, 4, 0),
(100837, 1, 45, 11, 4, 0),
(100838, 1, 46, 11, 1, 0),
(100839, 1, 47, 11, 4, 0),
(100840, 1, 48, 11, 1, 0),
(100841, 1, 49, 11, 1, 0),
(100842, 1, 50, 11, 1, 0),
(100843, 1, 51, 11, 1, 0),
(100844, 1, 52, 11, 1, 0),
(100845, 1, 53, 11, 1, 0),
(100846, 1, 54, 11, 1, 0),
(100847, 1, 55, 11, 1, 0),
(100848, 1, 56, 11, 1, 0),
(100849, 1, 57, 11, 1, 0),
(100850, 1, 58, 11, 1, 0),
(100851, 1, 59, 11, 1, 0),
(100852, 1, 60, 11, 1, 0),
(100853, 1, 61, 11, 1, 0),
(100854, 1, 62, 11, 1, 2),
(100855, 1, 63, 11, 1, 0),
(100856, 1, 64, 11, 1, 0),
(100857, 1, 65, 11, 1, 0),
(100858, 1, 66, 11, 1, 0),
(100859, 1, 67, 11, 1, 0),
(100860, 1, 68, 11, 1, 0),
(100861, 1, 69, 11, 1, 0),
(100862, 1, 70, 11, 1, 0),
(100863, 1, 71, 11, 1, 0),
(100864, 1, 0, 12, 4, 0),
(100865, 1, 1, 12, 4, 0),
(100866, 1, 2, 12, 4, 0),
(100867, 1, 3, 12, 4, 0),
(100868, 1, 4, 12, 4, 0),
(100869, 1, 5, 12, 4, 0),
(100870, 1, 6, 12, 4, 1),
(100871, 1, 7, 12, 4, 0),
(100872, 1, 8, 12, 4, 0),
(100873, 1, 9, 12, 4, 0),
(100874, 1, 10, 12, 1, 0),
(100875, 1, 11, 12, 1, 0),
(100876, 1, 12, 12, 1, 0),
(100877, 1, 13, 12, 1, 0),
(100878, 1, 14, 12, 1, 0),
(100879, 1, 15, 12, 1, 0),
(100880, 1, 16, 12, 1, 0),
(100881, 1, 17, 12, 1, 2),
(100882, 1, 18, 12, 1, 0),
(100883, 1, 19, 12, 1, 0),
(100884, 1, 20, 12, 1, 0),
(100885, 1, 21, 12, 1, 0),
(100886, 1, 22, 12, 1, 0),
(100887, 1, 23, 12, 1, 0),
(100888, 1, 24, 12, 1, 0),
(100889, 1, 25, 12, 1, 0),
(100890, 1, 26, 12, 1, 0),
(100891, 1, 27, 12, 1, 0),
(100892, 1, 28, 12, 1, 0),
(100893, 1, 29, 12, 1, 0),
(100894, 1, 30, 12, 1, 0),
(100895, 1, 31, 12, 1, 0),
(100896, 1, 32, 12, 1, 0),
(100897, 1, 33, 12, 1, 0),
(100898, 1, 34, 12, 1, 0),
(100899, 1, 35, 12, 1, 0),
(100900, 1, 36, 12, 1, 0),
(100901, 1, 37, 12, 1, 0),
(100902, 1, 38, 12, 1, 0),
(100903, 1, 39, 12, 1, 0),
(100904, 1, 40, 12, 1, 0),
(100905, 1, 41, 12, 1, 0),
(100906, 1, 42, 12, 4, 0),
(100907, 1, 43, 12, 4, 0),
(100908, 1, 44, 12, 4, 0),
(100909, 1, 45, 12, 4, 0),
(100910, 1, 46, 12, 4, 0),
(100911, 1, 47, 12, 1, 0),
(100912, 1, 48, 12, 1, 0),
(100913, 1, 49, 12, 1, 0),
(100914, 1, 50, 12, 1, 0),
(100915, 1, 51, 12, 1, 0),
(100916, 1, 52, 12, 1, 0),
(100917, 1, 53, 12, 1, 0),
(100918, 1, 54, 12, 1, 0),
(100919, 1, 55, 12, 1, 0),
(100920, 1, 56, 12, 1, 0),
(100921, 1, 57, 12, 1, 0),
(100922, 1, 58, 12, 1, 0),
(100923, 1, 59, 12, 1, 0),
(100924, 1, 60, 12, 1, 0),
(100925, 1, 61, 12, 1, 0),
(100926, 1, 62, 12, 1, 0),
(100927, 1, 63, 12, 1, 0),
(100928, 1, 64, 12, 1, 0),
(100929, 1, 65, 12, 1, 0),
(100930, 1, 66, 12, 1, 0),
(100931, 1, 67, 12, 1, 0),
(100932, 1, 68, 12, 1, 0),
(100933, 1, 69, 12, 1, 0),
(100934, 1, 70, 12, 1, 0),
(100935, 1, 71, 12, 1, 0),
(100936, 1, 0, 13, 4, 0),
(100937, 1, 1, 13, 4, 0),
(100938, 1, 2, 13, 4, 0),
(100939, 1, 3, 13, 4, 0),
(100940, 1, 4, 13, 4, 0),
(100941, 1, 5, 13, 4, 0),
(100942, 1, 6, 13, 4, 0),
(100943, 1, 7, 13, 4, 0),
(100944, 1, 8, 13, 4, 0),
(100945, 1, 9, 13, 4, 0),
(100946, 1, 10, 13, 1, 0),
(100947, 1, 11, 13, 1, 0),
(100948, 1, 12, 13, 1, 0),
(100949, 1, 13, 13, 1, 0),
(100950, 1, 14, 13, 1, 0),
(100951, 1, 15, 13, 1, 0),
(100952, 1, 16, 13, 1, 0),
(100953, 1, 17, 13, 1, 0),
(100954, 1, 18, 13, 1, 0),
(100955, 1, 19, 13, 1, 0),
(100956, 1, 20, 13, 1, 0),
(100957, 1, 21, 13, 1, 0),
(100958, 1, 22, 13, 1, 0),
(100959, 1, 23, 13, 1, 0),
(100960, 1, 24, 13, 1, 0),
(100961, 1, 25, 13, 1, 0),
(100962, 1, 26, 13, 1, 0),
(100963, 1, 27, 13, 1, 0),
(100964, 1, 28, 13, 1, 0),
(100965, 1, 29, 13, 1, 0),
(100966, 1, 30, 13, 1, 0),
(100967, 1, 31, 13, 1, 0),
(100968, 1, 32, 13, 1, 0),
(100969, 1, 33, 13, 1, 0),
(100970, 1, 34, 13, 1, 0),
(100971, 1, 35, 13, 1, 0),
(100972, 1, 36, 13, 1, 0),
(100973, 1, 37, 13, 1, 0),
(100974, 1, 38, 13, 1, 0),
(100975, 1, 39, 13, 1, 0),
(100976, 1, 40, 13, 1, 0),
(100977, 1, 41, 13, 1, 0),
(100978, 1, 42, 13, 4, 0),
(100979, 1, 43, 13, 4, 0),
(100980, 1, 44, 13, 4, 0),
(100981, 1, 45, 13, 4, 0),
(100982, 1, 46, 13, 4, 1),
(100983, 1, 47, 13, 1, 0),
(100984, 1, 48, 13, 1, 0),
(100985, 1, 49, 13, 1, 0),
(100986, 1, 50, 13, 1, 0),
(100987, 1, 51, 13, 1, 0),
(100988, 1, 52, 13, 1, 0),
(100989, 1, 53, 13, 1, 0),
(100990, 1, 54, 13, 1, 0),
(100991, 1, 55, 13, 1, 0),
(100992, 1, 56, 13, 1, 0),
(100993, 1, 57, 13, 1, 0),
(100994, 1, 58, 13, 1, 0),
(100995, 1, 59, 13, 1, 0),
(100996, 1, 60, 13, 4, 0),
(100997, 1, 61, 13, 4, 0),
(100998, 1, 62, 13, 4, 0),
(100999, 1, 63, 13, 4, 0),
(101000, 1, 64, 13, 4, 0),
(101001, 1, 65, 13, 4, 0),
(101002, 1, 66, 13, 1, 0),
(101003, 1, 67, 13, 1, 0),
(101004, 1, 68, 13, 1, 0),
(101005, 1, 69, 13, 4, 0),
(101006, 1, 70, 13, 4, 0),
(101007, 1, 71, 13, 4, 1),
(101008, 1, 0, 14, 4, 0),
(101009, 1, 1, 14, 4, 0),
(101010, 1, 2, 14, 4, 0),
(101011, 1, 3, 14, 4, 0),
(101012, 1, 4, 14, 4, 0),
(101013, 1, 5, 14, 4, 0),
(101014, 1, 6, 14, 4, 0),
(101015, 1, 7, 14, 4, 0),
(101016, 1, 8, 14, 4, 0),
(101017, 1, 9, 14, 4, 0),
(101018, 1, 10, 14, 1, 0),
(101019, 1, 11, 14, 1, 2),
(101020, 1, 12, 14, 1, 0),
(101021, 1, 13, 14, 1, 0),
(101022, 1, 14, 14, 1, 0),
(101023, 1, 15, 14, 1, 0),
(101024, 1, 16, 14, 1, 0),
(101025, 1, 17, 14, 1, 0),
(101026, 1, 18, 14, 1, 0),
(101027, 1, 19, 14, 1, 0),
(101028, 1, 20, 14, 1, 0),
(101029, 1, 21, 14, 1, 0),
(101030, 1, 22, 14, 1, 0),
(101031, 1, 23, 14, 1, 0),
(101032, 1, 24, 14, 1, 0),
(101033, 1, 25, 14, 1, 0),
(101034, 1, 26, 14, 1, 0),
(101035, 1, 27, 14, 1, 0),
(101036, 1, 28, 14, 1, 0),
(101037, 1, 29, 14, 1, 0),
(101038, 1, 30, 14, 1, 0),
(101039, 1, 31, 14, 1, 0),
(101040, 1, 32, 14, 1, 0),
(101041, 1, 33, 14, 1, 0),
(101042, 1, 34, 14, 1, 0),
(101043, 1, 35, 14, 1, 0),
(101044, 1, 36, 14, 1, 0),
(101045, 1, 37, 14, 1, 0),
(101046, 1, 38, 14, 1, 0),
(101047, 1, 39, 14, 1, 0),
(101048, 1, 40, 14, 1, 0),
(101049, 1, 41, 14, 1, 0),
(101050, 1, 42, 14, 4, 0),
(101051, 1, 43, 14, 4, 0),
(101052, 1, 44, 14, 4, 0),
(101053, 1, 45, 14, 4, 0),
(101054, 1, 46, 14, 4, 0),
(101055, 1, 47, 14, 1, 0),
(101056, 1, 48, 14, 1, 0),
(101057, 1, 49, 14, 1, 0),
(101058, 1, 50, 14, 1, 0),
(101059, 1, 51, 14, 1, 0),
(101060, 1, 52, 14, 1, 0),
(101061, 1, 53, 14, 1, 0),
(101062, 1, 54, 14, 1, 0),
(101063, 1, 55, 14, 1, 0),
(101064, 1, 56, 14, 1, 0),
(101065, 1, 57, 14, 1, 0),
(101066, 1, 58, 14, 4, 0),
(101067, 1, 59, 14, 4, 0),
(101068, 1, 60, 14, 4, 0),
(101069, 1, 61, 14, 4, 0),
(101070, 1, 62, 14, 4, 0),
(101071, 1, 63, 14, 4, 0),
(101072, 1, 64, 14, 4, 0),
(101073, 1, 65, 14, 4, 0),
(101074, 1, 66, 14, 4, 1),
(101075, 1, 67, 14, 4, 0),
(101076, 1, 68, 14, 4, 0),
(101077, 1, 69, 14, 4, 0),
(101078, 1, 70, 14, 4, 0),
(101079, 1, 71, 14, 4, 0),
(101080, 1, 0, 15, 4, 0),
(101081, 1, 1, 15, 4, 0),
(101082, 1, 2, 15, 4, 0),
(101083, 1, 3, 15, 4, 0),
(101084, 1, 4, 15, 4, 0),
(101085, 1, 5, 15, 4, 0),
(101086, 1, 6, 15, 4, 0),
(101087, 1, 7, 15, 4, 0),
(101088, 1, 8, 15, 4, 0),
(101089, 1, 9, 15, 4, 0),
(101090, 1, 10, 15, 4, 0),
(101091, 1, 11, 15, 1, 0),
(101092, 1, 12, 15, 1, 0),
(101093, 1, 13, 15, 1, 0),
(101094, 1, 14, 15, 1, 0),
(101095, 1, 15, 15, 1, 0),
(101096, 1, 16, 15, 1, 0),
(101097, 1, 17, 15, 1, 0),
(101098, 1, 18, 15, 1, 0),
(101099, 1, 19, 15, 1, 0),
(101100, 1, 20, 15, 1, 0),
(101101, 1, 21, 15, 1, 0),
(101102, 1, 22, 15, 1, 0),
(101103, 1, 23, 15, 1, 0),
(101104, 1, 24, 15, 1, 0),
(101105, 1, 25, 15, 1, 0),
(101106, 1, 26, 15, 1, 0),
(101107, 1, 27, 15, 1, 0),
(101108, 1, 28, 15, 1, 0),
(101109, 1, 29, 15, 1, 0),
(101110, 1, 30, 15, 1, 0),
(101111, 1, 31, 15, 1, 0),
(101112, 1, 32, 15, 1, 0),
(101113, 1, 33, 15, 1, 0),
(101114, 1, 34, 15, 1, 0),
(101115, 1, 35, 15, 1, 0),
(101116, 1, 36, 15, 1, 0),
(101117, 1, 37, 15, 1, 0),
(101118, 1, 38, 15, 1, 0),
(101119, 1, 39, 15, 1, 0),
(101120, 1, 40, 15, 1, 0),
(101121, 1, 41, 15, 1, 0),
(101122, 1, 42, 15, 1, 0),
(101123, 1, 43, 15, 4, 0),
(101124, 1, 44, 15, 4, 0),
(101125, 1, 45, 15, 4, 0),
(101126, 1, 46, 15, 4, 0),
(101127, 1, 47, 15, 4, 0),
(101128, 1, 48, 15, 1, 0),
(101129, 1, 49, 15, 1, 0),
(101130, 1, 50, 15, 1, 0),
(101131, 1, 51, 15, 1, 0),
(101132, 1, 52, 15, 1, 0),
(101133, 1, 53, 15, 1, 0),
(101134, 1, 54, 15, 1, 0),
(101135, 1, 55, 15, 1, 0),
(101136, 1, 56, 15, 1, 0),
(101137, 1, 57, 15, 4, 0),
(101138, 1, 58, 15, 4, 0),
(101139, 1, 59, 15, 4, 0),
(101140, 1, 60, 15, 4, 0),
(101141, 1, 61, 15, 4, 0),
(101142, 1, 62, 15, 4, 0),
(101143, 1, 63, 15, 4, 0),
(101144, 1, 64, 15, 4, 0),
(101145, 1, 65, 15, 4, 0),
(101146, 1, 66, 15, 4, 0),
(101147, 1, 67, 15, 4, 0),
(101148, 1, 68, 15, 4, 0),
(101149, 1, 69, 15, 4, 0),
(101150, 1, 70, 15, 4, 0),
(101151, 1, 71, 15, 4, 0),
(101152, 1, 0, 16, 4, 0),
(101153, 1, 1, 16, 4, 0),
(101154, 1, 2, 16, 4, 0),
(101155, 1, 3, 16, 4, 0),
(101156, 1, 4, 16, 4, 0),
(101157, 1, 5, 16, 4, 0),
(101158, 1, 6, 16, 4, 0),
(101159, 1, 7, 16, 4, 0),
(101160, 1, 8, 16, 4, 0),
(101161, 1, 9, 16, 4, 0),
(101162, 1, 10, 16, 4, 0),
(101163, 1, 11, 16, 1, 0),
(101164, 1, 12, 16, 1, 0),
(101165, 1, 13, 16, 1, 0),
(101166, 1, 14, 16, 1, 0),
(101167, 1, 15, 16, 1, 0),
(101168, 1, 16, 16, 1, 0),
(101169, 1, 17, 16, 1, 0),
(101170, 1, 18, 16, 1, 0),
(101171, 1, 19, 16, 1, 0),
(101172, 1, 20, 16, 1, 0),
(101173, 1, 21, 16, 1, 0),
(101174, 1, 22, 16, 1, 0),
(101175, 1, 23, 16, 1, 0),
(101176, 1, 24, 16, 1, 0),
(101177, 1, 25, 16, 1, 0),
(101178, 1, 26, 16, 1, 0),
(101179, 1, 27, 16, 1, 0),
(101180, 1, 28, 16, 1, 0),
(101181, 1, 29, 16, 1, 0),
(101182, 1, 30, 16, 1, 0),
(101183, 1, 31, 16, 1, 0),
(101184, 1, 32, 16, 1, 0),
(101185, 1, 33, 16, 1, 0),
(101186, 1, 34, 16, 1, 0),
(101187, 1, 35, 16, 1, 0),
(101188, 1, 36, 16, 1, 0),
(101189, 1, 37, 16, 1, 0),
(101190, 1, 38, 16, 1, 0),
(101191, 1, 39, 16, 1, 0),
(101192, 1, 40, 16, 1, 0),
(101193, 1, 41, 16, 1, 0),
(101194, 1, 42, 16, 1, 0),
(101195, 1, 43, 16, 4, 0),
(101196, 1, 44, 16, 4, 0),
(101197, 1, 45, 16, 4, 0),
(101198, 1, 46, 16, 4, 0),
(101199, 1, 47, 16, 1, 0),
(101200, 1, 48, 16, 1, 0),
(101201, 1, 49, 16, 1, 0),
(101202, 1, 50, 16, 1, 0),
(101203, 1, 51, 16, 1, 0),
(101204, 1, 52, 16, 1, 0),
(101205, 1, 53, 16, 1, 0),
(101206, 1, 54, 16, 1, 0),
(101207, 1, 55, 16, 1, 0),
(101208, 1, 56, 16, 1, 0),
(101209, 1, 57, 16, 4, 0),
(101210, 1, 58, 16, 4, 0),
(101211, 1, 59, 16, 4, 0),
(101212, 1, 60, 16, 4, 0),
(101213, 1, 61, 16, 4, 0),
(101214, 1, 62, 16, 4, 0),
(101215, 1, 63, 16, 4, 0),
(101216, 1, 64, 16, 4, 0),
(101217, 1, 65, 16, 4, 0),
(101218, 1, 66, 16, 4, 0),
(101219, 1, 67, 16, 4, 0),
(101220, 1, 68, 16, 4, 0),
(101221, 1, 69, 16, 4, 0),
(101222, 1, 70, 16, 4, 0),
(101223, 1, 71, 16, 4, 0),
(101224, 1, 0, 17, 4, 1),
(101225, 1, 1, 17, 4, 0),
(101226, 1, 2, 17, 4, 0),
(101227, 1, 3, 17, 4, 0),
(101228, 1, 4, 17, 4, 0),
(101229, 1, 5, 17, 4, 0),
(101230, 1, 6, 17, 4, 0),
(101231, 1, 7, 17, 4, 0),
(101232, 1, 8, 17, 4, 0),
(101233, 1, 9, 17, 4, 0),
(101234, 1, 10, 17, 4, 0),
(101235, 1, 11, 17, 1, 0),
(101236, 1, 12, 17, 1, 0),
(101237, 1, 13, 17, 1, 0),
(101238, 1, 14, 17, 1, 0),
(101239, 1, 15, 17, 1, 0),
(101240, 1, 16, 17, 1, 0),
(101241, 1, 17, 17, 1, 0),
(101242, 1, 18, 17, 1, 0),
(101243, 1, 19, 17, 1, 0),
(101244, 1, 20, 17, 1, 0),
(101245, 1, 21, 17, 1, 0),
(101246, 1, 22, 17, 1, 0),
(101247, 1, 23, 17, 1, 0),
(101248, 1, 24, 17, 1, 0),
(101249, 1, 25, 17, 1, 0),
(101250, 1, 26, 17, 1, 0),
(101251, 1, 27, 17, 1, 0),
(101252, 1, 28, 17, 1, 0),
(101253, 1, 29, 17, 1, 0),
(101254, 1, 30, 17, 1, 0),
(101255, 1, 31, 17, 1, 0),
(101256, 1, 32, 17, 1, 0),
(101257, 1, 33, 17, 1, 0),
(101258, 1, 34, 17, 1, 0),
(101259, 1, 35, 17, 1, 0),
(101260, 1, 36, 17, 1, 0),
(101261, 1, 37, 17, 1, 0),
(101262, 1, 38, 17, 1, 2),
(101263, 1, 39, 17, 1, 0),
(101264, 1, 40, 17, 1, 0),
(101265, 1, 41, 17, 4, 1),
(101266, 1, 42, 17, 4, 0),
(101267, 1, 43, 17, 4, 0),
(101268, 1, 44, 17, 4, 0),
(101269, 1, 45, 17, 4, 0),
(101270, 1, 46, 17, 4, 0),
(101271, 1, 47, 17, 1, 0),
(101272, 1, 48, 17, 1, 0),
(101273, 1, 49, 17, 1, 0),
(101274, 1, 50, 17, 1, 0),
(101275, 1, 51, 17, 1, 0),
(101276, 1, 52, 17, 1, 0),
(101277, 1, 53, 17, 1, 0),
(101278, 1, 54, 17, 1, 0),
(101279, 1, 55, 17, 1, 0),
(101280, 1, 56, 17, 4, 0),
(101281, 1, 57, 17, 4, 0),
(101282, 1, 58, 17, 4, 0),
(101283, 1, 59, 17, 4, 0),
(101284, 1, 60, 17, 4, 0),
(101285, 1, 61, 17, 4, 0),
(101286, 1, 62, 17, 4, 0),
(101287, 1, 63, 17, 4, 1),
(101288, 1, 64, 17, 4, 0),
(101289, 1, 65, 17, 4, 0),
(101290, 1, 66, 17, 4, 0),
(101291, 1, 67, 17, 4, 0),
(101292, 1, 68, 17, 1, 0),
(101293, 1, 69, 17, 4, 0),
(101294, 1, 70, 17, 4, 1),
(101295, 1, 71, 17, 4, 0),
(101296, 1, 0, 18, 4, 0),
(101297, 1, 1, 18, 4, 0),
(101298, 1, 2, 18, 4, 0),
(101299, 1, 3, 18, 4, 0),
(101300, 1, 4, 18, 4, 0),
(101301, 1, 5, 18, 4, 0),
(101302, 1, 6, 18, 4, 0),
(101303, 1, 7, 18, 4, 0),
(101304, 1, 8, 18, 4, 0),
(101305, 1, 9, 18, 4, 0),
(101306, 1, 10, 18, 4, 0),
(101307, 1, 11, 18, 4, 1),
(101308, 1, 12, 18, 4, 0),
(101309, 1, 13, 18, 1, 0),
(101310, 1, 14, 18, 1, 0),
(101311, 1, 15, 18, 1, 0),
(101312, 1, 16, 18, 1, 0),
(101313, 1, 17, 18, 1, 0),
(101314, 1, 18, 18, 1, 0),
(101315, 1, 19, 18, 1, 0),
(101316, 1, 20, 18, 1, 0),
(101317, 1, 21, 18, 1, 0),
(101318, 1, 22, 18, 1, 0),
(101319, 1, 23, 18, 1, 0),
(101320, 1, 24, 18, 1, 0),
(101321, 1, 25, 18, 1, 0),
(101322, 1, 26, 18, 1, 0),
(101323, 1, 27, 18, 1, 0),
(101324, 1, 28, 18, 1, 0),
(101325, 1, 29, 18, 4, 0),
(101326, 1, 30, 18, 4, 1),
(101327, 1, 31, 18, 4, 0),
(101328, 1, 32, 18, 4, 0),
(101329, 1, 33, 18, 4, 0),
(101330, 1, 34, 18, 1, 0),
(101331, 1, 35, 18, 1, 0),
(101332, 1, 36, 18, 1, 0),
(101333, 1, 37, 18, 1, 0),
(101334, 1, 38, 18, 1, 0),
(101335, 1, 39, 18, 1, 0),
(101336, 1, 40, 18, 1, 0),
(101337, 1, 41, 18, 1, 0),
(101338, 1, 42, 18, 4, 0),
(101339, 1, 43, 18, 4, 0),
(101340, 1, 44, 18, 4, 0),
(101341, 1, 45, 18, 4, 0),
(101342, 1, 46, 18, 1, 0),
(101343, 1, 47, 18, 1, 0),
(101344, 1, 48, 18, 1, 0),
(101345, 1, 49, 18, 1, 0),
(101346, 1, 50, 18, 1, 0),
(101347, 1, 51, 18, 1, 0),
(101348, 1, 52, 18, 1, 0),
(101349, 1, 53, 18, 1, 0),
(101350, 1, 54, 18, 1, 0),
(101351, 1, 55, 18, 1, 0),
(101352, 1, 56, 18, 4, 0),
(101353, 1, 57, 18, 4, 0),
(101354, 1, 58, 18, 4, 0),
(101355, 1, 59, 18, 4, 0),
(101356, 1, 60, 18, 4, 0),
(101357, 1, 61, 18, 4, 0),
(101358, 1, 62, 18, 4, 0),
(101359, 1, 63, 18, 4, 0),
(101360, 1, 64, 18, 4, 0),
(101361, 1, 65, 18, 4, 0),
(101362, 1, 66, 18, 4, 0),
(101363, 1, 67, 18, 4, 0),
(101364, 1, 68, 18, 4, 0),
(101365, 1, 69, 18, 4, 0),
(101366, 1, 70, 18, 4, 0),
(101367, 1, 71, 18, 4, 0),
(101368, 1, 0, 19, 4, 0),
(101369, 1, 1, 19, 4, 0),
(101370, 1, 2, 19, 4, 0),
(101371, 1, 3, 19, 4, 0),
(101372, 1, 4, 19, 4, 0),
(101373, 1, 5, 19, 4, 0),
(101374, 1, 6, 19, 4, 0),
(101375, 1, 7, 19, 4, 0),
(101376, 1, 8, 19, 4, 0),
(101377, 1, 9, 19, 4, 0),
(101378, 1, 10, 19, 4, 0),
(101379, 1, 11, 19, 4, 0),
(101380, 1, 12, 19, 4, 0),
(101381, 1, 13, 19, 4, 0),
(101382, 1, 14, 19, 1, 0),
(101383, 1, 15, 19, 1, 0),
(101384, 1, 16, 19, 1, 0),
(101385, 1, 17, 19, 1, 0),
(101386, 1, 18, 19, 1, 0),
(101387, 1, 19, 19, 1, 0),
(101388, 1, 20, 19, 1, 0),
(101389, 1, 21, 19, 1, 0),
(101390, 1, 22, 19, 1, 0),
(101391, 1, 23, 19, 1, 0),
(101392, 1, 24, 19, 1, 0),
(101393, 1, 25, 19, 1, 0),
(101394, 1, 26, 19, 1, 0),
(101395, 1, 27, 19, 1, 0),
(101396, 1, 28, 19, 1, 0),
(101397, 1, 29, 19, 4, 0),
(101398, 1, 30, 19, 4, 0),
(101399, 1, 31, 19, 4, 0),
(101400, 1, 32, 19, 4, 0),
(101401, 1, 33, 19, 4, 0),
(101402, 1, 34, 19, 4, 0),
(101403, 1, 35, 19, 4, 0),
(101404, 1, 36, 19, 4, 0),
(101405, 1, 37, 19, 4, 0),
(101406, 1, 38, 19, 1, 0),
(101407, 1, 39, 19, 1, 0),
(101408, 1, 40, 19, 4, 0),
(101409, 1, 41, 19, 1, 0),
(101410, 1, 42, 19, 1, 0),
(101411, 1, 43, 19, 1, 0),
(101412, 1, 44, 19, 4, 0),
(101413, 1, 45, 19, 1, 0),
(101414, 1, 46, 19, 1, 0),
(101415, 1, 47, 19, 1, 0),
(101416, 1, 48, 19, 1, 0),
(101417, 1, 49, 19, 1, 0),
(101418, 1, 50, 19, 1, 0),
(101419, 1, 51, 19, 1, 0),
(101420, 1, 52, 19, 1, 0),
(101421, 1, 53, 19, 1, 0),
(101422, 1, 54, 19, 1, 0),
(101423, 1, 55, 19, 1, 0),
(101424, 1, 56, 19, 4, 0),
(101425, 1, 57, 19, 4, 1),
(101426, 1, 58, 19, 4, 0),
(101427, 1, 59, 19, 4, 0),
(101428, 1, 60, 19, 4, 0),
(101429, 1, 61, 19, 4, 0),
(101430, 1, 62, 19, 4, 0),
(101431, 1, 63, 19, 4, 0),
(101432, 1, 64, 19, 4, 0),
(101433, 1, 65, 19, 4, 0),
(101434, 1, 66, 19, 4, 0),
(101435, 1, 67, 19, 4, 0),
(101436, 1, 68, 19, 4, 0),
(101437, 1, 69, 19, 4, 0),
(101438, 1, 70, 19, 4, 0),
(101439, 1, 71, 19, 4, 0),
(101440, 1, 0, 20, 4, 0),
(101441, 1, 1, 20, 4, 1),
(101442, 1, 2, 20, 4, 0),
(101443, 1, 3, 20, 4, 0),
(101444, 1, 4, 20, 4, 0),
(101445, 1, 5, 20, 4, 0),
(101446, 1, 6, 20, 4, 0),
(101447, 1, 7, 20, 4, 0),
(101448, 1, 8, 20, 4, 0),
(101449, 1, 9, 20, 4, 0),
(101450, 1, 10, 20, 4, 0),
(101451, 1, 11, 20, 4, 0),
(101452, 1, 12, 20, 4, 0),
(101453, 1, 13, 20, 4, 0),
(101454, 1, 14, 20, 1, 0),
(101455, 1, 15, 20, 4, 0),
(101456, 1, 16, 20, 1, 0),
(101457, 1, 17, 20, 1, 0),
(101458, 1, 18, 20, 1, 0),
(101459, 1, 19, 20, 1, 0),
(101460, 1, 20, 20, 1, 0),
(101461, 1, 21, 20, 1, 0),
(101462, 1, 22, 20, 1, 0),
(101463, 1, 23, 20, 1, 0),
(101464, 1, 24, 20, 1, 0),
(101465, 1, 25, 20, 1, 0),
(101466, 1, 26, 20, 1, 0),
(101467, 1, 27, 20, 1, 0),
(101468, 1, 28, 20, 1, 0),
(101469, 1, 29, 20, 4, 0),
(101470, 1, 30, 20, 4, 0),
(101471, 1, 31, 20, 4, 0),
(101472, 1, 32, 20, 4, 0),
(101473, 1, 33, 20, 4, 0),
(101474, 1, 34, 20, 4, 0),
(101475, 1, 35, 20, 4, 0),
(101476, 1, 36, 20, 4, 0),
(101477, 1, 37, 20, 4, 0),
(101478, 1, 38, 20, 1, 0),
(101479, 1, 39, 20, 1, 0),
(101480, 1, 40, 20, 1, 0),
(101481, 1, 41, 20, 4, 0),
(101482, 1, 42, 20, 4, 0),
(101483, 1, 43, 20, 4, 0),
(101484, 1, 44, 20, 4, 0),
(101485, 1, 45, 20, 1, 0),
(101486, 1, 46, 20, 1, 0),
(101487, 1, 47, 20, 1, 0),
(101488, 1, 48, 20, 1, 0),
(101489, 1, 49, 20, 1, 0),
(101490, 1, 50, 20, 1, 0),
(101491, 1, 51, 20, 1, 0),
(101492, 1, 52, 20, 1, 0),
(101493, 1, 53, 20, 1, 0),
(101494, 1, 54, 20, 1, 0),
(101495, 1, 55, 20, 4, 0),
(101496, 1, 56, 20, 4, 0),
(101497, 1, 57, 20, 4, 0),
(101498, 1, 58, 20, 4, 0),
(101499, 1, 59, 20, 4, 0),
(101500, 1, 60, 20, 4, 0),
(101501, 1, 61, 20, 4, 1),
(101502, 1, 62, 20, 4, 0),
(101503, 1, 63, 20, 4, 0),
(101504, 1, 64, 20, 4, 0),
(101505, 1, 65, 20, 4, 0),
(101506, 1, 66, 20, 4, 0),
(101507, 1, 67, 20, 4, 0),
(101508, 1, 68, 20, 4, 0),
(101509, 1, 69, 20, 4, 0),
(101510, 1, 70, 20, 4, 0),
(101511, 1, 71, 20, 4, 0),
(101512, 1, 0, 21, 4, 0),
(101513, 1, 1, 21, 4, 0),
(101514, 1, 2, 21, 4, 0),
(101515, 1, 3, 21, 4, 0),
(101516, 1, 4, 21, 4, 0),
(101517, 1, 5, 21, 4, 1),
(101518, 1, 6, 21, 4, 0),
(101519, 1, 7, 21, 4, 0),
(101520, 1, 8, 21, 4, 0),
(101521, 1, 9, 21, 4, 0),
(101522, 1, 10, 21, 4, 0),
(101523, 1, 11, 21, 4, 0),
(101524, 1, 12, 21, 4, 0),
(101525, 1, 13, 21, 1, 0),
(101526, 1, 14, 21, 1, 0),
(101527, 1, 15, 21, 1, 0),
(101528, 1, 16, 21, 1, 0),
(101529, 1, 17, 21, 1, 0),
(101530, 1, 18, 21, 1, 0),
(101531, 1, 19, 21, 1, 0),
(101532, 1, 20, 21, 1, 0),
(101533, 1, 21, 21, 1, 0),
(101534, 1, 22, 21, 1, 0),
(101535, 1, 23, 21, 1, 0),
(101536, 1, 24, 21, 1, 0),
(101537, 1, 25, 21, 1, 0),
(101538, 1, 26, 21, 1, 0),
(101539, 1, 27, 21, 1, 0),
(101540, 1, 28, 21, 4, 0),
(101541, 1, 29, 21, 4, 0),
(101542, 1, 30, 21, 4, 0),
(101543, 1, 31, 21, 4, 1),
(101544, 1, 32, 21, 4, 0),
(101545, 1, 33, 21, 4, 0),
(101546, 1, 34, 21, 4, 0),
(101547, 1, 35, 21, 4, 0),
(101548, 1, 36, 21, 4, 0),
(101549, 1, 37, 21, 4, 0),
(101550, 1, 38, 21, 4, 0),
(101551, 1, 39, 21, 1, 0),
(101552, 1, 40, 21, 4, 0),
(101553, 1, 41, 21, 4, 0),
(101554, 1, 42, 21, 4, 0),
(101555, 1, 43, 21, 4, 0),
(101556, 1, 44, 21, 4, 0),
(101557, 1, 45, 21, 1, 0),
(101558, 1, 46, 21, 1, 0),
(101559, 1, 47, 21, 1, 0),
(101560, 1, 48, 21, 1, 0),
(101561, 1, 49, 21, 1, 0),
(101562, 1, 50, 21, 1, 0),
(101563, 1, 51, 21, 1, 0),
(101564, 1, 52, 21, 1, 0),
(101565, 1, 53, 21, 1, 0),
(101566, 1, 54, 21, 4, 0),
(101567, 1, 55, 21, 4, 0),
(101568, 1, 56, 21, 4, 0),
(101569, 1, 57, 21, 4, 0),
(101570, 1, 58, 21, 4, 0),
(101571, 1, 59, 21, 4, 0),
(101572, 1, 60, 21, 4, 0),
(101573, 1, 61, 21, 4, 0),
(101574, 1, 62, 21, 4, 0),
(101575, 1, 63, 21, 4, 0),
(101576, 1, 64, 21, 4, 0),
(101577, 1, 65, 21, 4, 0),
(101578, 1, 66, 21, 4, 0),
(101579, 1, 67, 21, 4, 0),
(101580, 1, 68, 21, 4, 0),
(101581, 1, 69, 21, 4, 0),
(101582, 1, 70, 21, 4, 0),
(101583, 1, 71, 21, 4, 0),
(101584, 1, 0, 22, 4, 0),
(101585, 1, 1, 22, 4, 0),
(101586, 1, 2, 22, 4, 0),
(101587, 1, 3, 22, 4, 0),
(101588, 1, 4, 22, 4, 0),
(101589, 1, 5, 22, 4, 0),
(101590, 1, 6, 22, 4, 0),
(101591, 1, 7, 22, 4, 0),
(101592, 1, 8, 22, 4, 0),
(101593, 1, 9, 22, 4, 0),
(101594, 1, 10, 22, 4, 0),
(101595, 1, 11, 22, 4, 0),
(101596, 1, 12, 22, 4, 0),
(101597, 1, 13, 22, 1, 0),
(101598, 1, 14, 22, 1, 0),
(101599, 1, 15, 22, 1, 0),
(101600, 1, 16, 22, 1, 0),
(101601, 1, 17, 22, 1, 0),
(101602, 1, 18, 22, 1, 0),
(101603, 1, 19, 22, 1, 0),
(101604, 1, 20, 22, 1, 0),
(101605, 1, 21, 22, 1, 0),
(101606, 1, 22, 22, 1, 0),
(101607, 1, 23, 22, 1, 0),
(101608, 1, 24, 22, 1, 0),
(101609, 1, 25, 22, 1, 0),
(101610, 1, 26, 22, 1, 0),
(101611, 1, 27, 22, 4, 0),
(101612, 1, 28, 22, 4, 0),
(101613, 1, 29, 22, 4, 0),
(101614, 1, 30, 22, 4, 0),
(101615, 1, 31, 22, 4, 0),
(101616, 1, 32, 22, 4, 0),
(101617, 1, 33, 22, 4, 0),
(101618, 1, 34, 22, 4, 0),
(101619, 1, 35, 22, 4, 0),
(101620, 1, 36, 22, 4, 0),
(101621, 1, 37, 22, 4, 0),
(101622, 1, 38, 22, 4, 0),
(101623, 1, 39, 22, 4, 0),
(101624, 1, 40, 22, 1, 0),
(101625, 1, 41, 22, 4, 0),
(101626, 1, 42, 22, 4, 0),
(101627, 1, 43, 22, 4, 0),
(101628, 1, 44, 22, 4, 0),
(101629, 1, 45, 22, 1, 0),
(101630, 1, 46, 22, 1, 0),
(101631, 1, 47, 22, 1, 0),
(101632, 1, 48, 22, 1, 0),
(101633, 1, 49, 22, 1, 0),
(101634, 1, 50, 22, 1, 0),
(101635, 1, 51, 22, 1, 0),
(101636, 1, 52, 22, 1, 0),
(101637, 1, 53, 22, 1, 0),
(101638, 1, 54, 22, 1, 0),
(101639, 1, 55, 22, 4, 1),
(101640, 1, 56, 22, 4, 0),
(101641, 1, 57, 22, 4, 0),
(101642, 1, 58, 22, 4, 0),
(101643, 1, 59, 22, 4, 0),
(101644, 1, 60, 22, 4, 0),
(101645, 1, 61, 22, 4, 0),
(101646, 1, 62, 22, 4, 0),
(101647, 1, 63, 22, 4, 0),
(101648, 1, 64, 22, 4, 0),
(101649, 1, 65, 22, 4, 0),
(101650, 1, 66, 22, 4, 0),
(101651, 1, 67, 22, 4, 1),
(101652, 1, 68, 22, 4, 0),
(101653, 1, 69, 22, 4, 0),
(101654, 1, 70, 22, 4, 0),
(101655, 1, 71, 22, 4, 1),
(101656, 1, 0, 23, 4, 0),
(101657, 1, 1, 23, 4, 0),
(101658, 1, 2, 23, 4, 0),
(101659, 1, 3, 23, 4, 0),
(101660, 1, 4, 23, 4, 0),
(101661, 1, 5, 23, 4, 0),
(101662, 1, 6, 23, 4, 0),
(101663, 1, 7, 23, 4, 0),
(101664, 1, 8, 23, 4, 0),
(101665, 1, 9, 23, 4, 1),
(101666, 1, 10, 23, 4, 0),
(101667, 1, 11, 23, 4, 0),
(101668, 1, 12, 23, 1, 0),
(101669, 1, 13, 23, 1, 0),
(101670, 1, 14, 23, 1, 0),
(101671, 1, 15, 23, 1, 0),
(101672, 1, 16, 23, 1, 0),
(101673, 1, 17, 23, 1, 0),
(101674, 1, 18, 23, 1, 0),
(101675, 1, 19, 23, 1, 0),
(101676, 1, 20, 23, 1, 0),
(101677, 1, 21, 23, 1, 0),
(101678, 1, 22, 23, 1, 0),
(101679, 1, 23, 23, 1, 0),
(101680, 1, 24, 23, 1, 0),
(101681, 1, 25, 23, 4, 0),
(101682, 1, 26, 23, 4, 0),
(101683, 1, 27, 23, 4, 0),
(101684, 1, 28, 23, 4, 0),
(101685, 1, 29, 23, 4, 0),
(101686, 1, 30, 23, 4, 0),
(101687, 1, 31, 23, 4, 0),
(101688, 1, 32, 23, 4, 0),
(101689, 1, 33, 23, 4, 0),
(101690, 1, 34, 23, 4, 0),
(101691, 1, 35, 23, 4, 0),
(101692, 1, 36, 23, 4, 0),
(101693, 1, 37, 23, 4, 0),
(101694, 1, 38, 23, 4, 0),
(101695, 1, 39, 23, 1, 0),
(101696, 1, 40, 23, 4, 0),
(101697, 1, 41, 23, 4, 0),
(101698, 1, 42, 23, 4, 0),
(101699, 1, 43, 23, 4, 0),
(101700, 1, 44, 23, 4, 0),
(101701, 1, 45, 23, 1, 0),
(101702, 1, 46, 23, 1, 0),
(101703, 1, 47, 23, 1, 0),
(101704, 1, 48, 23, 1, 0),
(101705, 1, 49, 23, 1, 0),
(101706, 1, 50, 23, 4, 0),
(101707, 1, 51, 23, 1, 0),
(101708, 1, 52, 23, 1, 0),
(101709, 1, 53, 23, 1, 0),
(101710, 1, 54, 23, 4, 0),
(101711, 1, 55, 23, 4, 0),
(101712, 1, 56, 23, 4, 0),
(101713, 1, 57, 23, 4, 0),
(101714, 1, 58, 23, 4, 0),
(101715, 1, 59, 23, 4, 0),
(101716, 1, 60, 23, 4, 0),
(101717, 1, 61, 23, 4, 0),
(101718, 1, 62, 23, 4, 0),
(101719, 1, 63, 23, 4, 0),
(101720, 1, 64, 23, 4, 0),
(101721, 1, 65, 23, 4, 0),
(101722, 1, 66, 23, 4, 0),
(101723, 1, 67, 23, 1, 0),
(101724, 1, 68, 23, 1, 0),
(101725, 1, 69, 23, 1, 0),
(101726, 1, 70, 23, 1, 0),
(101727, 1, 71, 23, 4, 0),
(101728, 1, 0, 24, 1, 0),
(101729, 1, 1, 24, 1, 0),
(101730, 1, 2, 24, 1, 0),
(101731, 1, 3, 24, 1, 0),
(101732, 1, 4, 24, 1, 0),
(101733, 1, 5, 24, 1, 0),
(101734, 1, 6, 24, 1, 0),
(101735, 1, 7, 24, 1, 0),
(101736, 1, 8, 24, 1, 0),
(101737, 1, 9, 24, 4, 0),
(101738, 1, 10, 24, 4, 0),
(101739, 1, 11, 24, 4, 0),
(101740, 1, 12, 24, 1, 0),
(101741, 1, 13, 24, 1, 0),
(101742, 1, 14, 24, 1, 0),
(101743, 1, 15, 24, 1, 0),
(101744, 1, 16, 24, 1, 0),
(101745, 1, 17, 24, 1, 0),
(101746, 1, 18, 24, 1, 0),
(101747, 1, 19, 24, 1, 0),
(101748, 1, 20, 24, 1, 0),
(101749, 1, 21, 24, 1, 0),
(101750, 1, 22, 24, 1, 0),
(101751, 1, 23, 24, 1, 0),
(101752, 1, 24, 24, 1, 0),
(101753, 1, 25, 24, 4, 0),
(101754, 1, 26, 24, 4, 0),
(101755, 1, 27, 24, 4, 0),
(101756, 1, 28, 24, 4, 0),
(101757, 1, 29, 24, 4, 0),
(101758, 1, 30, 24, 4, 0),
(101759, 1, 31, 24, 4, 0),
(101760, 1, 32, 24, 4, 0),
(101761, 1, 33, 24, 4, 0),
(101762, 1, 34, 24, 4, 0),
(101763, 1, 35, 24, 4, 0),
(101764, 1, 36, 24, 4, 0),
(101765, 1, 37, 24, 4, 0),
(101766, 1, 38, 24, 4, 0),
(101767, 1, 39, 24, 1, 0),
(101768, 1, 40, 24, 4, 0),
(101769, 1, 41, 24, 4, 0),
(101770, 1, 42, 24, 4, 0),
(101771, 1, 43, 24, 4, 0),
(101772, 1, 44, 24, 4, 0),
(101773, 1, 45, 24, 1, 0),
(101774, 1, 46, 24, 1, 0),
(101775, 1, 47, 24, 1, 0),
(101776, 1, 48, 24, 1, 0),
(101777, 1, 49, 24, 1, 0),
(101778, 1, 50, 24, 1, 0),
(101779, 1, 51, 24, 1, 0),
(101780, 1, 52, 24, 1, 0),
(101781, 1, 53, 24, 1, 0),
(101782, 1, 54, 24, 1, 0),
(101783, 1, 55, 24, 1, 0),
(101784, 1, 56, 24, 1, 0),
(101785, 1, 57, 24, 1, 0),
(101786, 1, 58, 24, 1, 0),
(101787, 1, 59, 24, 4, 0),
(101788, 1, 60, 24, 4, 0),
(101789, 1, 61, 24, 4, 0),
(101790, 1, 62, 24, 4, 0),
(101791, 1, 63, 24, 4, 0),
(101792, 1, 64, 24, 4, 0),
(101793, 1, 65, 24, 1, 0),
(101794, 1, 66, 24, 1, 0),
(101795, 1, 67, 24, 4, 0),
(101796, 1, 68, 24, 1, 0),
(101797, 1, 69, 24, 1, 0),
(101798, 1, 70, 24, 1, 0),
(101799, 1, 71, 24, 1, 0),
(101800, 1, 0, 25, 1, 0),
(101801, 1, 1, 25, 1, 0),
(101802, 1, 2, 25, 1, 0),
(101803, 1, 3, 25, 1, 0),
(101804, 1, 4, 25, 1, 0),
(101805, 1, 5, 25, 1, 0),
(101806, 1, 6, 25, 1, 0),
(101807, 1, 7, 25, 1, 0),
(101808, 1, 8, 25, 1, 0),
(101809, 1, 9, 25, 1, 0),
(101810, 1, 10, 25, 1, 0),
(101811, 1, 11, 25, 1, 0),
(101812, 1, 12, 25, 1, 0),
(101813, 1, 13, 25, 1, 0),
(101814, 1, 14, 25, 1, 0),
(101815, 1, 15, 25, 1, 0),
(101816, 1, 16, 25, 1, 0),
(101817, 1, 17, 25, 1, 0),
(101818, 1, 18, 25, 1, 0),
(101819, 1, 19, 25, 1, 0),
(101820, 1, 20, 25, 1, 0),
(101821, 1, 21, 25, 1, 0),
(101822, 1, 22, 25, 4, 0),
(101823, 1, 23, 25, 1, 0),
(101824, 1, 24, 25, 1, 0),
(101825, 1, 25, 25, 4, 0),
(101826, 1, 26, 25, 4, 0),
(101827, 1, 27, 25, 4, 0),
(101828, 1, 28, 25, 4, 1),
(101829, 1, 29, 25, 4, 0),
(101830, 1, 30, 25, 4, 0),
(101831, 1, 31, 25, 4, 0),
(101832, 1, 32, 25, 4, 0),
(101833, 1, 33, 25, 4, 0),
(101834, 1, 34, 25, 4, 0),
(101835, 1, 35, 25, 4, 0),
(101836, 1, 36, 25, 4, 0),
(101837, 1, 37, 25, 4, 0),
(101838, 1, 38, 25, 4, 0),
(101839, 1, 39, 25, 4, 0),
(101840, 1, 40, 25, 4, 0),
(101841, 1, 41, 25, 4, 1),
(101842, 1, 42, 25, 4, 0),
(101843, 1, 43, 25, 4, 0),
(101844, 1, 44, 25, 4, 0),
(101845, 1, 45, 25, 1, 0),
(101846, 1, 46, 25, 1, 0),
(101847, 1, 47, 25, 1, 0),
(101848, 1, 48, 25, 1, 0),
(101849, 1, 49, 25, 1, 0),
(101850, 1, 50, 25, 1, 0),
(101851, 1, 51, 25, 1, 0),
(101852, 1, 52, 25, 1, 0),
(101853, 1, 53, 25, 1, 0),
(101854, 1, 54, 25, 1, 0),
(101855, 1, 55, 25, 1, 0),
(101856, 1, 56, 25, 1, 0),
(101857, 1, 57, 25, 1, 0),
(101858, 1, 58, 25, 1, 0),
(101859, 1, 59, 25, 4, 0),
(101860, 1, 60, 25, 1, 0),
(101861, 1, 61, 25, 1, 0),
(101862, 1, 62, 25, 1, 0),
(101863, 1, 63, 25, 1, 0),
(101864, 1, 64, 25, 1, 0),
(101865, 1, 65, 25, 1, 0),
(101866, 1, 66, 25, 1, 0),
(101867, 1, 67, 25, 4, 0),
(101868, 1, 68, 25, 1, 0),
(101869, 1, 69, 25, 4, 0),
(101870, 1, 70, 25, 4, 0),
(101871, 1, 71, 25, 1, 0),
(101872, 1, 0, 26, 1, 0),
(101873, 1, 1, 26, 1, 0),
(101874, 1, 2, 26, 1, 0),
(101875, 1, 3, 26, 1, 0),
(101876, 1, 4, 26, 1, 0),
(101877, 1, 5, 26, 1, 0),
(101878, 1, 6, 26, 1, 0),
(101879, 1, 7, 26, 1, 0),
(101880, 1, 8, 26, 1, 0),
(101881, 1, 9, 26, 1, 0),
(101882, 1, 10, 26, 1, 0),
(101883, 1, 11, 26, 1, 0),
(101884, 1, 12, 26, 1, 0),
(101885, 1, 13, 26, 1, 0),
(101886, 1, 14, 26, 1, 0),
(101887, 1, 15, 26, 1, 0),
(101888, 1, 16, 26, 1, 0),
(101889, 1, 17, 26, 1, 0),
(101890, 1, 18, 26, 1, 0),
(101891, 1, 19, 26, 1, 0),
(101892, 1, 20, 26, 1, 0),
(101893, 1, 21, 26, 1, 0),
(101894, 1, 22, 26, 4, 0),
(101895, 1, 23, 26, 4, 0),
(101896, 1, 24, 26, 4, 0),
(101897, 1, 25, 26, 4, 0),
(101898, 1, 26, 26, 4, 0),
(101899, 1, 27, 26, 4, 0),
(101900, 1, 28, 26, 4, 0),
(101901, 1, 29, 26, 4, 0),
(101902, 1, 30, 26, 4, 0),
(101903, 1, 31, 26, 4, 0),
(101904, 1, 32, 26, 4, 0),
(101905, 1, 33, 26, 4, 1),
(101906, 1, 34, 26, 4, 0),
(101907, 1, 35, 26, 4, 0),
(101908, 1, 36, 26, 4, 0),
(101909, 1, 37, 26, 4, 0),
(101910, 1, 38, 26, 4, 0),
(101911, 1, 39, 26, 4, 0),
(101912, 1, 40, 26, 4, 0),
(101913, 1, 41, 26, 4, 0),
(101914, 1, 42, 26, 4, 0),
(101915, 1, 43, 26, 4, 0),
(101916, 1, 44, 26, 4, 0),
(101917, 1, 45, 26, 4, 0),
(101918, 1, 46, 26, 1, 0),
(101919, 1, 47, 26, 1, 0),
(101920, 1, 48, 26, 1, 0),
(101921, 1, 49, 26, 1, 0),
(101922, 1, 50, 26, 1, 0),
(101923, 1, 51, 26, 1, 0),
(101924, 1, 52, 26, 1, 0),
(101925, 1, 53, 26, 1, 0),
(101926, 1, 54, 26, 1, 0),
(101927, 1, 55, 26, 1, 0),
(101928, 1, 56, 26, 1, 0),
(101929, 1, 57, 26, 1, 0),
(101930, 1, 58, 26, 1, 2),
(101931, 1, 59, 26, 1, 0),
(101932, 1, 60, 26, 1, 0),
(101933, 1, 61, 26, 1, 0),
(101934, 1, 62, 26, 1, 0),
(101935, 1, 63, 26, 1, 0),
(101936, 1, 64, 26, 1, 0),
(101937, 1, 65, 26, 1, 0),
(101938, 1, 66, 26, 1, 0),
(101939, 1, 67, 26, 1, 0),
(101940, 1, 68, 26, 1, 0),
(101941, 1, 69, 26, 4, 0),
(101942, 1, 70, 26, 4, 0),
(101943, 1, 71, 26, 4, 0),
(101944, 1, 0, 27, 1, 0),
(101945, 1, 1, 27, 1, 0),
(101946, 1, 2, 27, 1, 0),
(101947, 1, 3, 27, 1, 0),
(101948, 1, 4, 27, 1, 0),
(101949, 1, 5, 27, 1, 0),
(101950, 1, 6, 27, 1, 0),
(101951, 1, 7, 27, 1, 0),
(101952, 1, 8, 27, 1, 0),
(101953, 1, 9, 27, 1, 0),
(101954, 1, 10, 27, 1, 0),
(101955, 1, 11, 27, 1, 0),
(101956, 1, 12, 27, 1, 0),
(101957, 1, 13, 27, 1, 0),
(101958, 1, 14, 27, 1, 0),
(101959, 1, 15, 27, 1, 0),
(101960, 1, 16, 27, 1, 0),
(101961, 1, 17, 27, 1, 0),
(101962, 1, 18, 27, 1, 0),
(101963, 1, 19, 27, 1, 0),
(101964, 1, 20, 27, 1, 0),
(101965, 1, 21, 27, 1, 0),
(101966, 1, 22, 27, 1, 0),
(101967, 1, 23, 27, 4, 0),
(101968, 1, 24, 27, 4, 1),
(101969, 1, 25, 27, 4, 0),
(101970, 1, 26, 27, 4, 0),
(101971, 1, 27, 27, 4, 0),
(101972, 1, 28, 27, 4, 0),
(101973, 1, 29, 27, 4, 0),
(101974, 1, 30, 27, 4, 0),
(101975, 1, 31, 27, 4, 0),
(101976, 1, 32, 27, 4, 0),
(101977, 1, 33, 27, 4, 0),
(101978, 1, 34, 27, 4, 0),
(101979, 1, 35, 27, 4, 0),
(101980, 1, 36, 27, 4, 0),
(101981, 1, 37, 27, 1, 0),
(101982, 1, 38, 27, 1, 0),
(101983, 1, 39, 27, 4, 0),
(101984, 1, 40, 27, 4, 0),
(101985, 1, 41, 27, 4, 0),
(101986, 1, 42, 27, 4, 0),
(101987, 1, 43, 27, 4, 0),
(101988, 1, 44, 27, 4, 0),
(101989, 1, 45, 27, 4, 0),
(101990, 1, 46, 27, 1, 0),
(101991, 1, 47, 27, 1, 0),
(101992, 1, 48, 27, 1, 0),
(101993, 1, 49, 27, 1, 0),
(101994, 1, 50, 27, 1, 0),
(101995, 1, 51, 27, 1, 0),
(101996, 1, 52, 27, 1, 0),
(101997, 1, 53, 27, 1, 0),
(101998, 1, 54, 27, 1, 0),
(101999, 1, 55, 27, 1, 0),
(102000, 1, 56, 27, 1, 0),
(102001, 1, 57, 27, 1, 0),
(102002, 1, 58, 27, 1, 0),
(102003, 1, 59, 27, 1, 0),
(102004, 1, 60, 27, 1, 0),
(102005, 1, 61, 27, 1, 0),
(102006, 1, 62, 27, 1, 0),
(102007, 1, 63, 27, 1, 0),
(102008, 1, 64, 27, 1, 0),
(102009, 1, 65, 27, 1, 0),
(102010, 1, 66, 27, 1, 0),
(102011, 1, 67, 27, 1, 0),
(102012, 1, 68, 27, 1, 0),
(102013, 1, 69, 27, 1, 0),
(102014, 1, 70, 27, 4, 0),
(102015, 1, 71, 27, 4, 0),
(102016, 1, 0, 28, 1, 0),
(102017, 1, 1, 28, 1, 0),
(102018, 1, 2, 28, 1, 0),
(102019, 1, 3, 28, 1, 0),
(102020, 1, 4, 28, 1, 0),
(102021, 1, 5, 28, 1, 0),
(102022, 1, 6, 28, 1, 0),
(102023, 1, 7, 28, 1, 0),
(102024, 1, 8, 28, 1, 0),
(102025, 1, 9, 28, 1, 0),
(102026, 1, 10, 28, 1, 0),
(102027, 1, 11, 28, 1, 0),
(102028, 1, 12, 28, 1, 0),
(102029, 1, 13, 28, 1, 0),
(102030, 1, 14, 28, 1, 0),
(102031, 1, 15, 28, 1, 0),
(102032, 1, 16, 28, 1, 0),
(102033, 1, 17, 28, 1, 0),
(102034, 1, 18, 28, 1, 0),
(102035, 1, 19, 28, 1, 0);
INSERT INTO `world_map_tile` (`maptileid`, `gamid`, `tilex`, `tiley`, `field`, `content`) VALUES
(102036, 1, 20, 28, 1, 0),
(102037, 1, 21, 28, 1, 0),
(102038, 1, 22, 28, 1, 0),
(102039, 1, 23, 28, 4, 0),
(102040, 1, 24, 28, 4, 0),
(102041, 1, 25, 28, 4, 0),
(102042, 1, 26, 28, 4, 0),
(102043, 1, 27, 28, 4, 0),
(102044, 1, 28, 28, 4, 0),
(102045, 1, 29, 28, 4, 0),
(102046, 1, 30, 28, 4, 0),
(102047, 1, 31, 28, 4, 0),
(102048, 1, 32, 28, 4, 0),
(102049, 1, 33, 28, 4, 0),
(102050, 1, 34, 28, 4, 0),
(102051, 1, 35, 28, 1, 0),
(102052, 1, 36, 28, 1, 0),
(102053, 1, 37, 28, 1, 0),
(102054, 1, 38, 28, 1, 0),
(102055, 1, 39, 28, 1, 0),
(102056, 1, 40, 28, 1, 0),
(102057, 1, 41, 28, 1, 0),
(102058, 1, 42, 28, 1, 0),
(102059, 1, 43, 28, 4, 1),
(102060, 1, 44, 28, 1, 2),
(102061, 1, 45, 28, 1, 0),
(102062, 1, 46, 28, 1, 0),
(102063, 1, 47, 28, 1, 0),
(102064, 1, 48, 28, 1, 0),
(102065, 1, 49, 28, 1, 0),
(102066, 1, 50, 28, 1, 0),
(102067, 1, 51, 28, 1, 0),
(102068, 1, 52, 28, 1, 0),
(102069, 1, 53, 28, 1, 0),
(102070, 1, 54, 28, 1, 0),
(102071, 1, 55, 28, 1, 0),
(102072, 1, 56, 28, 1, 0),
(102073, 1, 57, 28, 1, 0),
(102074, 1, 58, 28, 1, 0),
(102075, 1, 59, 28, 1, 0),
(102076, 1, 60, 28, 1, 0),
(102077, 1, 61, 28, 1, 0),
(102078, 1, 62, 28, 1, 0),
(102079, 1, 63, 28, 1, 0),
(102080, 1, 64, 28, 1, 0),
(102081, 1, 65, 28, 1, 0),
(102082, 1, 66, 28, 1, 0),
(102083, 1, 67, 28, 1, 0),
(102084, 1, 68, 28, 1, 0),
(102085, 1, 69, 28, 1, 0),
(102086, 1, 70, 28, 1, 0),
(102087, 1, 71, 28, 1, 0),
(102088, 1, 0, 29, 1, 0),
(102089, 1, 1, 29, 1, 0),
(102090, 1, 2, 29, 1, 0),
(102091, 1, 3, 29, 1, 0),
(102092, 1, 4, 29, 1, 0),
(102093, 1, 5, 29, 1, 0),
(102094, 1, 6, 29, 4, 0),
(102095, 1, 7, 29, 4, 0),
(102096, 1, 8, 29, 1, 0),
(102097, 1, 9, 29, 1, 0),
(102098, 1, 10, 29, 1, 0),
(102099, 1, 11, 29, 1, 0),
(102100, 1, 12, 29, 1, 0),
(102101, 1, 13, 29, 1, 0),
(102102, 1, 14, 29, 4, 0),
(102103, 1, 15, 29, 4, 0),
(102104, 1, 16, 29, 4, 0),
(102105, 1, 17, 29, 1, 0),
(102106, 1, 18, 29, 1, 0),
(102107, 1, 19, 29, 1, 0),
(102108, 1, 20, 29, 4, 0),
(102109, 1, 21, 29, 4, 0),
(102110, 1, 22, 29, 4, 0),
(102111, 1, 23, 29, 4, 0),
(102112, 1, 24, 29, 4, 0),
(102113, 1, 25, 29, 4, 0),
(102114, 1, 26, 29, 4, 0),
(102115, 1, 27, 29, 4, 0),
(102116, 1, 28, 29, 4, 1),
(102117, 1, 29, 29, 4, 0),
(102118, 1, 30, 29, 4, 0),
(102119, 1, 31, 29, 4, 0),
(102120, 1, 32, 29, 4, 0),
(102121, 1, 33, 29, 4, 0),
(102122, 1, 34, 29, 4, 0),
(102123, 1, 35, 29, 1, 0),
(102124, 1, 36, 29, 1, 0),
(102125, 1, 37, 29, 1, 0),
(102126, 1, 38, 29, 1, 0),
(102127, 1, 39, 29, 1, 0),
(102128, 1, 40, 29, 1, 0),
(102129, 1, 41, 29, 1, 0),
(102130, 1, 42, 29, 1, 0),
(102131, 1, 43, 29, 1, 0),
(102132, 1, 44, 29, 1, 0),
(102133, 1, 45, 29, 1, 0),
(102134, 1, 46, 29, 1, 0),
(102135, 1, 47, 29, 1, 0),
(102136, 1, 48, 29, 1, 0),
(102137, 1, 49, 29, 1, 0),
(102138, 1, 50, 29, 1, 0),
(102139, 1, 51, 29, 1, 0),
(102140, 1, 52, 29, 1, 0),
(102141, 1, 53, 29, 1, 0),
(102142, 1, 54, 29, 1, 0),
(102143, 1, 55, 29, 1, 0),
(102144, 1, 56, 29, 1, 0),
(102145, 1, 57, 29, 1, 0),
(102146, 1, 58, 29, 1, 0),
(102147, 1, 59, 29, 1, 0),
(102148, 1, 60, 29, 1, 0),
(102149, 1, 61, 29, 1, 0),
(102150, 1, 62, 29, 1, 0),
(102151, 1, 63, 29, 1, 0),
(102152, 1, 64, 29, 1, 0),
(102153, 1, 65, 29, 1, 0),
(102154, 1, 66, 29, 1, 0),
(102155, 1, 67, 29, 1, 0),
(102156, 1, 68, 29, 1, 0),
(102157, 1, 69, 29, 1, 0),
(102158, 1, 70, 29, 1, 0),
(102159, 1, 71, 29, 1, 0),
(102160, 1, 0, 30, 1, 0),
(102161, 1, 1, 30, 1, 0),
(102162, 1, 2, 30, 1, 0),
(102163, 1, 3, 30, 1, 0),
(102164, 1, 4, 30, 4, 0),
(102165, 1, 5, 30, 4, 0),
(102166, 1, 6, 30, 4, 0),
(102167, 1, 7, 30, 1, 0),
(102168, 1, 8, 30, 1, 0),
(102169, 1, 9, 30, 1, 0),
(102170, 1, 10, 30, 1, 0),
(102171, 1, 11, 30, 1, 0),
(102172, 1, 12, 30, 1, 0),
(102173, 1, 13, 30, 1, 0),
(102174, 1, 14, 30, 4, 1),
(102175, 1, 15, 30, 4, 0),
(102176, 1, 16, 30, 4, 0),
(102177, 1, 17, 30, 1, 0),
(102178, 1, 18, 30, 1, 0),
(102179, 1, 19, 30, 4, 0),
(102180, 1, 20, 30, 4, 0),
(102181, 1, 21, 30, 4, 0),
(102182, 1, 22, 30, 4, 0),
(102183, 1, 23, 30, 4, 0),
(102184, 1, 24, 30, 4, 0),
(102185, 1, 25, 30, 4, 0),
(102186, 1, 26, 30, 4, 0),
(102187, 1, 27, 30, 4, 0),
(102188, 1, 28, 30, 4, 0),
(102189, 1, 29, 30, 4, 0),
(102190, 1, 30, 30, 4, 0),
(102191, 1, 31, 30, 4, 0),
(102192, 1, 32, 30, 4, 0),
(102193, 1, 33, 30, 4, 0),
(102194, 1, 34, 30, 4, 0),
(102195, 1, 35, 30, 1, 0),
(102196, 1, 36, 30, 1, 0),
(102197, 1, 37, 30, 4, 1),
(102198, 1, 38, 30, 1, 0),
(102199, 1, 39, 30, 1, 0),
(102200, 1, 40, 30, 1, 0),
(102201, 1, 41, 30, 1, 0),
(102202, 1, 42, 30, 1, 0),
(102203, 1, 43, 30, 1, 0),
(102204, 1, 44, 30, 1, 0),
(102205, 1, 45, 30, 1, 0),
(102206, 1, 46, 30, 1, 0),
(102207, 1, 47, 30, 1, 0),
(102208, 1, 48, 30, 1, 0),
(102209, 1, 49, 30, 1, 0),
(102210, 1, 50, 30, 1, 0),
(102211, 1, 51, 30, 1, 0),
(102212, 1, 52, 30, 1, 0),
(102213, 1, 53, 30, 1, 0),
(102214, 1, 54, 30, 1, 0),
(102215, 1, 55, 30, 1, 0),
(102216, 1, 56, 30, 1, 0),
(102217, 1, 57, 30, 1, 0),
(102218, 1, 58, 30, 1, 0),
(102219, 1, 59, 30, 1, 0),
(102220, 1, 60, 30, 1, 0),
(102221, 1, 61, 30, 1, 0),
(102222, 1, 62, 30, 1, 0),
(102223, 1, 63, 30, 1, 0),
(102224, 1, 64, 30, 1, 0),
(102225, 1, 65, 30, 1, 0),
(102226, 1, 66, 30, 1, 0),
(102227, 1, 67, 30, 1, 0),
(102228, 1, 68, 30, 1, 0),
(102229, 1, 69, 30, 1, 0),
(102230, 1, 70, 30, 1, 0),
(102231, 1, 71, 30, 1, 0),
(102232, 1, 0, 31, 1, 0),
(102233, 1, 1, 31, 4, 0),
(102234, 1, 2, 31, 1, 0),
(102235, 1, 3, 31, 4, 0),
(102236, 1, 4, 31, 4, 0),
(102237, 1, 5, 31, 4, 0),
(102238, 1, 6, 31, 4, 0),
(102239, 1, 7, 31, 1, 0),
(102240, 1, 8, 31, 1, 0),
(102241, 1, 9, 31, 1, 0),
(102242, 1, 10, 31, 1, 0),
(102243, 1, 11, 31, 1, 0),
(102244, 1, 12, 31, 4, 0),
(102245, 1, 13, 31, 4, 0),
(102246, 1, 14, 31, 4, 0),
(102247, 1, 15, 31, 4, 0),
(102248, 1, 16, 31, 4, 0),
(102249, 1, 17, 31, 1, 0),
(102250, 1, 18, 31, 4, 0),
(102251, 1, 19, 31, 4, 0),
(102252, 1, 20, 31, 4, 0),
(102253, 1, 21, 31, 4, 0),
(102254, 1, 22, 31, 4, 0),
(102255, 1, 23, 31, 4, 0),
(102256, 1, 24, 31, 4, 0),
(102257, 1, 25, 31, 4, 0),
(102258, 1, 26, 31, 4, 0),
(102259, 1, 27, 31, 4, 0),
(102260, 1, 28, 31, 4, 0),
(102261, 1, 29, 31, 4, 0),
(102262, 1, 30, 31, 4, 0),
(102263, 1, 31, 31, 4, 0),
(102264, 1, 32, 31, 4, 1),
(102265, 1, 33, 31, 4, 0),
(102266, 1, 34, 31, 4, 0),
(102267, 1, 35, 31, 1, 2),
(102268, 1, 36, 31, 1, 0),
(102269, 1, 37, 31, 1, 0),
(102270, 1, 38, 31, 1, 0),
(102271, 1, 39, 31, 1, 0),
(102272, 1, 40, 31, 1, 0),
(102273, 1, 41, 31, 1, 0),
(102274, 1, 42, 31, 1, 0),
(102275, 1, 43, 31, 1, 0),
(102276, 1, 44, 31, 1, 0),
(102277, 1, 45, 31, 1, 2),
(102278, 1, 46, 31, 1, 0),
(102279, 1, 47, 31, 1, 0),
(102280, 1, 48, 31, 1, 0),
(102281, 1, 49, 31, 1, 0),
(102282, 1, 50, 31, 1, 0),
(102283, 1, 51, 31, 1, 0),
(102284, 1, 52, 31, 1, 0),
(102285, 1, 53, 31, 1, 0),
(102286, 1, 54, 31, 1, 0),
(102287, 1, 55, 31, 1, 0),
(102288, 1, 56, 31, 1, 0),
(102289, 1, 57, 31, 1, 0),
(102290, 1, 58, 31, 1, 0),
(102291, 1, 59, 31, 1, 0),
(102292, 1, 60, 31, 1, 0),
(102293, 1, 61, 31, 1, 0),
(102294, 1, 62, 31, 1, 0),
(102295, 1, 63, 31, 1, 0),
(102296, 1, 64, 31, 1, 0),
(102297, 1, 65, 31, 1, 0),
(102298, 1, 66, 31, 1, 0),
(102299, 1, 67, 31, 1, 0),
(102300, 1, 68, 31, 1, 0),
(102301, 1, 69, 31, 1, 0),
(102302, 1, 70, 31, 1, 0),
(102303, 1, 71, 31, 1, 0),
(102304, 1, 0, 32, 4, 0),
(102305, 1, 1, 32, 4, 0),
(102306, 1, 2, 32, 1, 0),
(102307, 1, 3, 32, 1, 0),
(102308, 1, 4, 32, 4, 0),
(102309, 1, 5, 32, 4, 1),
(102310, 1, 6, 32, 4, 0),
(102311, 1, 7, 32, 1, 0),
(102312, 1, 8, 32, 1, 0),
(102313, 1, 9, 32, 1, 0),
(102314, 1, 10, 32, 1, 0),
(102315, 1, 11, 32, 1, 0),
(102316, 1, 12, 32, 4, 0),
(102317, 1, 13, 32, 4, 0),
(102318, 1, 14, 32, 4, 0),
(102319, 1, 15, 32, 4, 0),
(102320, 1, 16, 32, 4, 0),
(102321, 1, 17, 32, 4, 0),
(102322, 1, 18, 32, 4, 0),
(102323, 1, 19, 32, 4, 0),
(102324, 1, 20, 32, 4, 0),
(102325, 1, 21, 32, 4, 0),
(102326, 1, 22, 32, 4, 0),
(102327, 1, 23, 32, 4, 0),
(102328, 1, 24, 32, 4, 0),
(102329, 1, 25, 32, 4, 0),
(102330, 1, 26, 32, 4, 0),
(102331, 1, 27, 32, 4, 0),
(102332, 1, 28, 32, 4, 0),
(102333, 1, 29, 32, 4, 0),
(102334, 1, 30, 32, 4, 0),
(102335, 1, 31, 32, 4, 0),
(102336, 1, 32, 32, 1, 0),
(102337, 1, 33, 32, 1, 0),
(102338, 1, 34, 32, 1, 0),
(102339, 1, 35, 32, 1, 0),
(102340, 1, 36, 32, 1, 0),
(102341, 1, 37, 32, 1, 0),
(102342, 1, 38, 32, 1, 0),
(102343, 1, 39, 32, 1, 0),
(102344, 1, 40, 32, 1, 0),
(102345, 1, 41, 32, 1, 0),
(102346, 1, 42, 32, 1, 0),
(102347, 1, 43, 32, 1, 0),
(102348, 1, 44, 32, 1, 0),
(102349, 1, 45, 32, 1, 0),
(102350, 1, 46, 32, 1, 0),
(102351, 1, 47, 32, 1, 0),
(102352, 1, 48, 32, 1, 0),
(102353, 1, 49, 32, 1, 0),
(102354, 1, 50, 32, 1, 0),
(102355, 1, 51, 32, 1, 0),
(102356, 1, 52, 32, 1, 0),
(102357, 1, 53, 32, 1, 0),
(102358, 1, 54, 32, 1, 0),
(102359, 1, 55, 32, 1, 0),
(102360, 1, 56, 32, 1, 0),
(102361, 1, 57, 32, 1, 0),
(102362, 1, 58, 32, 1, 0),
(102363, 1, 59, 32, 1, 0),
(102364, 1, 60, 32, 1, 0),
(102365, 1, 61, 32, 1, 0),
(102366, 1, 62, 32, 1, 0),
(102367, 1, 63, 32, 1, 0),
(102368, 1, 64, 32, 1, 0),
(102369, 1, 65, 32, 1, 0),
(102370, 1, 66, 32, 1, 0),
(102371, 1, 67, 32, 1, 0),
(102372, 1, 68, 32, 1, 0),
(102373, 1, 69, 32, 1, 0),
(102374, 1, 70, 32, 1, 0),
(102375, 1, 71, 32, 1, 0),
(102376, 1, 0, 33, 4, 0),
(102377, 1, 1, 33, 4, 0),
(102378, 1, 2, 33, 4, 0),
(102379, 1, 3, 33, 1, 0),
(102380, 1, 4, 33, 1, 0),
(102381, 1, 5, 33, 4, 0),
(102382, 1, 6, 33, 1, 0),
(102383, 1, 7, 33, 1, 0),
(102384, 1, 8, 33, 1, 0),
(102385, 1, 9, 33, 1, 0),
(102386, 1, 10, 33, 1, 0),
(102387, 1, 11, 33, 1, 0),
(102388, 1, 12, 33, 1, 0),
(102389, 1, 13, 33, 4, 0),
(102390, 1, 14, 33, 4, 0),
(102391, 1, 15, 33, 4, 0),
(102392, 1, 16, 33, 4, 0),
(102393, 1, 17, 33, 4, 0),
(102394, 1, 18, 33, 4, 0),
(102395, 1, 19, 33, 4, 0),
(102396, 1, 20, 33, 4, 0),
(102397, 1, 21, 33, 4, 0),
(102398, 1, 22, 33, 4, 0),
(102399, 1, 23, 33, 4, 0),
(102400, 1, 24, 33, 4, 0),
(102401, 1, 25, 33, 4, 1),
(102402, 1, 26, 33, 4, 0),
(102403, 1, 27, 33, 4, 0),
(102404, 1, 28, 33, 4, 0),
(102405, 1, 29, 33, 4, 0),
(102406, 1, 30, 33, 4, 0),
(102407, 1, 31, 33, 4, 0),
(102408, 1, 32, 33, 1, 0),
(102409, 1, 33, 33, 1, 0),
(102410, 1, 34, 33, 1, 0),
(102411, 1, 35, 33, 1, 0),
(102412, 1, 36, 33, 1, 0),
(102413, 1, 37, 33, 1, 0),
(102414, 1, 38, 33, 1, 0),
(102415, 1, 39, 33, 1, 0),
(102416, 1, 40, 33, 1, 0),
(102417, 1, 41, 33, 1, 0),
(102418, 1, 42, 33, 1, 0),
(102419, 1, 43, 33, 1, 0),
(102420, 1, 44, 33, 1, 0),
(102421, 1, 45, 33, 1, 0),
(102422, 1, 46, 33, 1, 0),
(102423, 1, 47, 33, 1, 0),
(102424, 1, 48, 33, 1, 0),
(102425, 1, 49, 33, 1, 0),
(102426, 1, 50, 33, 1, 0),
(102427, 1, 51, 33, 1, 0),
(102428, 1, 52, 33, 1, 0),
(102429, 1, 53, 33, 1, 0),
(102430, 1, 54, 33, 1, 0),
(102431, 1, 55, 33, 1, 0),
(102432, 1, 56, 33, 1, 0),
(102433, 1, 57, 33, 1, 0),
(102434, 1, 58, 33, 1, 0),
(102435, 1, 59, 33, 1, 0),
(102436, 1, 60, 33, 1, 0),
(102437, 1, 61, 33, 1, 0),
(102438, 1, 62, 33, 1, 0),
(102439, 1, 63, 33, 1, 0),
(102440, 1, 64, 33, 1, 0),
(102441, 1, 65, 33, 1, 0),
(102442, 1, 66, 33, 1, 0),
(102443, 1, 67, 33, 1, 0),
(102444, 1, 68, 33, 1, 0),
(102445, 1, 69, 33, 1, 0),
(102446, 1, 70, 33, 1, 0),
(102447, 1, 71, 33, 1, 0),
(102448, 1, 0, 34, 4, 0),
(102449, 1, 1, 34, 4, 0),
(102450, 1, 2, 34, 4, 0),
(102451, 1, 3, 34, 4, 0),
(102452, 1, 4, 34, 1, 0),
(102453, 1, 5, 34, 1, 0),
(102454, 1, 6, 34, 1, 0),
(102455, 1, 7, 34, 1, 0),
(102456, 1, 8, 34, 1, 0),
(102457, 1, 9, 34, 1, 0),
(102458, 1, 10, 34, 1, 0),
(102459, 1, 11, 34, 1, 0),
(102460, 1, 12, 34, 1, 0),
(102461, 1, 13, 34, 4, 0),
(102462, 1, 14, 34, 4, 0),
(102463, 1, 15, 34, 4, 0),
(102464, 1, 16, 34, 4, 0),
(102465, 1, 17, 34, 4, 0),
(102466, 1, 18, 34, 4, 0),
(102467, 1, 19, 34, 4, 0),
(102468, 1, 20, 34, 4, 0),
(102469, 1, 21, 34, 4, 0),
(102470, 1, 22, 34, 4, 0),
(102471, 1, 23, 34, 4, 0),
(102472, 1, 24, 34, 4, 0),
(102473, 1, 25, 34, 4, 0),
(102474, 1, 26, 34, 4, 0),
(102475, 1, 27, 34, 4, 0),
(102476, 1, 28, 34, 4, 0),
(102477, 1, 29, 34, 4, 0),
(102478, 1, 30, 34, 4, 0),
(102479, 1, 31, 34, 4, 0),
(102480, 1, 32, 34, 4, 0),
(102481, 1, 33, 34, 1, 0),
(102482, 1, 34, 34, 1, 0),
(102483, 1, 35, 34, 1, 0),
(102484, 1, 36, 34, 1, 0),
(102485, 1, 37, 34, 1, 0),
(102486, 1, 38, 34, 1, 0),
(102487, 1, 39, 34, 1, 0),
(102488, 1, 40, 34, 1, 0),
(102489, 1, 41, 34, 1, 0),
(102490, 1, 42, 34, 1, 0),
(102491, 1, 43, 34, 1, 0),
(102492, 1, 44, 34, 1, 0),
(102493, 1, 45, 34, 1, 0),
(102494, 1, 46, 34, 1, 0),
(102495, 1, 47, 34, 1, 0),
(102496, 1, 48, 34, 1, 0),
(102497, 1, 49, 34, 1, 0),
(102498, 1, 50, 34, 1, 0),
(102499, 1, 51, 34, 1, 0),
(102500, 1, 52, 34, 1, 0),
(102501, 1, 53, 34, 1, 0),
(102502, 1, 54, 34, 1, 0),
(102503, 1, 55, 34, 1, 0),
(102504, 1, 56, 34, 1, 2),
(102505, 1, 57, 34, 1, 0),
(102506, 1, 58, 34, 1, 0),
(102507, 1, 59, 34, 1, 0),
(102508, 1, 60, 34, 1, 0),
(102509, 1, 61, 34, 1, 0),
(102510, 1, 62, 34, 1, 0),
(102511, 1, 63, 34, 1, 0),
(102512, 1, 64, 34, 1, 0),
(102513, 1, 65, 34, 1, 0),
(102514, 1, 66, 34, 1, 0),
(102515, 1, 67, 34, 1, 0),
(102516, 1, 68, 34, 1, 0),
(102517, 1, 69, 34, 1, 0),
(102518, 1, 70, 34, 1, 0),
(102519, 1, 71, 34, 1, 0),
(102520, 1, 0, 35, 1, 0),
(102521, 1, 1, 35, 4, 0),
(102522, 1, 2, 35, 4, 0),
(102523, 1, 3, 35, 4, 0),
(102524, 1, 4, 35, 1, 0),
(102525, 1, 5, 35, 1, 0),
(102526, 1, 6, 35, 1, 0),
(102527, 1, 7, 35, 1, 0),
(102528, 1, 8, 35, 1, 0),
(102529, 1, 9, 35, 1, 0),
(102530, 1, 10, 35, 1, 0),
(102531, 1, 11, 35, 1, 0),
(102532, 1, 12, 35, 1, 0),
(102533, 1, 13, 35, 4, 0),
(102534, 1, 14, 35, 4, 0),
(102535, 1, 15, 35, 4, 0),
(102536, 1, 16, 35, 4, 1),
(102537, 1, 17, 35, 4, 0),
(102538, 1, 18, 35, 4, 0),
(102539, 1, 19, 35, 4, 0),
(102540, 1, 20, 35, 4, 0),
(102541, 1, 21, 35, 4, 0),
(102542, 1, 22, 35, 4, 0),
(102543, 1, 23, 35, 4, 0),
(102544, 1, 24, 35, 4, 0),
(102545, 1, 25, 35, 4, 0),
(102546, 1, 26, 35, 4, 0),
(102547, 1, 27, 35, 4, 0),
(102548, 1, 28, 35, 4, 0),
(102549, 1, 29, 35, 4, 0),
(102550, 1, 30, 35, 4, 0),
(102551, 1, 31, 35, 4, 0),
(102552, 1, 32, 35, 4, 0),
(102553, 1, 33, 35, 1, 0),
(102554, 1, 34, 35, 1, 0),
(102555, 1, 35, 35, 1, 0),
(102556, 1, 36, 35, 1, 0),
(102557, 1, 37, 35, 1, 2),
(102558, 1, 38, 35, 1, 0),
(102559, 1, 39, 35, 1, 0),
(102560, 1, 40, 35, 1, 0),
(102561, 1, 41, 35, 1, 0),
(102562, 1, 42, 35, 1, 0),
(102563, 1, 43, 35, 1, 0),
(102564, 1, 44, 35, 1, 0),
(102565, 1, 45, 35, 1, 0),
(102566, 1, 46, 35, 1, 0),
(102567, 1, 47, 35, 1, 0),
(102568, 1, 48, 35, 1, 0),
(102569, 1, 49, 35, 1, 0),
(102570, 1, 50, 35, 1, 0),
(102571, 1, 51, 35, 1, 0),
(102572, 1, 52, 35, 1, 0),
(102573, 1, 53, 35, 1, 0),
(102574, 1, 54, 35, 1, 0),
(102575, 1, 55, 35, 1, 0),
(102576, 1, 56, 35, 1, 0),
(102577, 1, 57, 35, 1, 0),
(102578, 1, 58, 35, 1, 0),
(102579, 1, 59, 35, 1, 0),
(102580, 1, 60, 35, 1, 0),
(102581, 1, 61, 35, 1, 0),
(102582, 1, 62, 35, 1, 0),
(102583, 1, 63, 35, 1, 0),
(102584, 1, 64, 35, 1, 0),
(102585, 1, 65, 35, 1, 0),
(102586, 1, 66, 35, 1, 0),
(102587, 1, 67, 35, 1, 0),
(102588, 1, 68, 35, 1, 0),
(102589, 1, 69, 35, 1, 0),
(102590, 1, 70, 35, 1, 0),
(102591, 1, 71, 35, 1, 0),
(102592, 1, 0, 36, 1, 0),
(102593, 1, 1, 36, 4, 0),
(102594, 1, 2, 36, 4, 0),
(102595, 1, 3, 36, 4, 0),
(102596, 1, 4, 36, 1, 0),
(102597, 1, 5, 36, 1, 0),
(102598, 1, 6, 36, 1, 0),
(102599, 1, 7, 36, 1, 0),
(102600, 1, 8, 36, 1, 0),
(102601, 1, 9, 36, 1, 0),
(102602, 1, 10, 36, 1, 0),
(102603, 1, 11, 36, 1, 0),
(102604, 1, 12, 36, 1, 0),
(102605, 1, 13, 36, 1, 0),
(102606, 1, 14, 36, 4, 0),
(102607, 1, 15, 36, 4, 0),
(102608, 1, 16, 36, 4, 0),
(102609, 1, 17, 36, 4, 0),
(102610, 1, 18, 36, 4, 0),
(102611, 1, 19, 36, 4, 0),
(102612, 1, 20, 36, 4, 0),
(102613, 1, 21, 36, 4, 0),
(102614, 1, 22, 36, 4, 0),
(102615, 1, 23, 36, 4, 0),
(102616, 1, 24, 36, 4, 0),
(102617, 1, 25, 36, 4, 0),
(102618, 1, 26, 36, 4, 0),
(102619, 1, 27, 36, 4, 0),
(102620, 1, 28, 36, 4, 0),
(102621, 1, 29, 36, 4, 0),
(102622, 1, 30, 36, 4, 0),
(102623, 1, 31, 36, 4, 0),
(102624, 1, 32, 36, 4, 0),
(102625, 1, 33, 36, 1, 0),
(102626, 1, 34, 36, 1, 0),
(102627, 1, 35, 36, 1, 0),
(102628, 1, 36, 36, 1, 0),
(102629, 1, 37, 36, 1, 0),
(102630, 1, 38, 36, 1, 0),
(102631, 1, 39, 36, 1, 0),
(102632, 1, 40, 36, 1, 0),
(102633, 1, 41, 36, 1, 0),
(102634, 1, 42, 36, 1, 0),
(102635, 1, 43, 36, 1, 0),
(102636, 1, 44, 36, 1, 0),
(102637, 1, 45, 36, 1, 0),
(102638, 1, 46, 36, 1, 0),
(102639, 1, 47, 36, 1, 0),
(102640, 1, 48, 36, 1, 0),
(102641, 1, 49, 36, 1, 0),
(102642, 1, 50, 36, 1, 0),
(102643, 1, 51, 36, 1, 0),
(102644, 1, 52, 36, 1, 0),
(102645, 1, 53, 36, 1, 0),
(102646, 1, 54, 36, 1, 0),
(102647, 1, 55, 36, 1, 0),
(102648, 1, 56, 36, 1, 0),
(102649, 1, 57, 36, 1, 0),
(102650, 1, 58, 36, 1, 0),
(102651, 1, 59, 36, 1, 0),
(102652, 1, 60, 36, 1, 0),
(102653, 1, 61, 36, 1, 0),
(102654, 1, 62, 36, 1, 0),
(102655, 1, 63, 36, 1, 0),
(102656, 1, 64, 36, 1, 0),
(102657, 1, 65, 36, 1, 0),
(102658, 1, 66, 36, 1, 0),
(102659, 1, 67, 36, 1, 0),
(102660, 1, 68, 36, 1, 0),
(102661, 1, 69, 36, 1, 0),
(102662, 1, 70, 36, 1, 0),
(102663, 1, 71, 36, 1, 0),
(102664, 1, 0, 37, 1, 0),
(102665, 1, 1, 37, 1, 0),
(102666, 1, 2, 37, 4, 0),
(102667, 1, 3, 37, 4, 0),
(102668, 1, 4, 37, 4, 0),
(102669, 1, 5, 37, 4, 0),
(102670, 1, 6, 37, 1, 0),
(102671, 1, 7, 37, 1, 0),
(102672, 1, 8, 37, 1, 0),
(102673, 1, 9, 37, 1, 0),
(102674, 1, 10, 37, 1, 0),
(102675, 1, 11, 37, 1, 0),
(102676, 1, 12, 37, 1, 0),
(102677, 1, 13, 37, 1, 0),
(102678, 1, 14, 37, 4, 0),
(102679, 1, 15, 37, 4, 0),
(102680, 1, 16, 37, 4, 0),
(102681, 1, 17, 37, 4, 0),
(102682, 1, 18, 37, 4, 0),
(102683, 1, 19, 37, 4, 0),
(102684, 1, 20, 37, 4, 0),
(102685, 1, 21, 37, 4, 0),
(102686, 1, 22, 37, 4, 0),
(102687, 1, 23, 37, 4, 0),
(102688, 1, 24, 37, 4, 0),
(102689, 1, 25, 37, 4, 0),
(102690, 1, 26, 37, 4, 1),
(102691, 1, 27, 37, 4, 0),
(102692, 1, 28, 37, 4, 0),
(102693, 1, 29, 37, 1, 0),
(102694, 1, 30, 37, 1, 0),
(102695, 1, 31, 37, 1, 0),
(102696, 1, 32, 37, 1, 0),
(102697, 1, 33, 37, 1, 0),
(102698, 1, 34, 37, 1, 0),
(102699, 1, 35, 37, 1, 0),
(102700, 1, 36, 37, 1, 0),
(102701, 1, 37, 37, 1, 0),
(102702, 1, 38, 37, 1, 0),
(102703, 1, 39, 37, 1, 0),
(102704, 1, 40, 37, 1, 0),
(102705, 1, 41, 37, 1, 0),
(102706, 1, 42, 37, 1, 0),
(102707, 1, 43, 37, 1, 0),
(102708, 1, 44, 37, 1, 0),
(102709, 1, 45, 37, 1, 0),
(102710, 1, 46, 37, 1, 0),
(102711, 1, 47, 37, 1, 0),
(102712, 1, 48, 37, 1, 0),
(102713, 1, 49, 37, 1, 0),
(102714, 1, 50, 37, 1, 0),
(102715, 1, 51, 37, 1, 0),
(102716, 1, 52, 37, 1, 0),
(102717, 1, 53, 37, 1, 0),
(102718, 1, 54, 37, 1, 0),
(102719, 1, 55, 37, 1, 0),
(102720, 1, 56, 37, 1, 0),
(102721, 1, 57, 37, 1, 0),
(102722, 1, 58, 37, 1, 0),
(102723, 1, 59, 37, 1, 0),
(102724, 1, 60, 37, 1, 0),
(102725, 1, 61, 37, 1, 0),
(102726, 1, 62, 37, 1, 0),
(102727, 1, 63, 37, 1, 2),
(102728, 1, 64, 37, 1, 0),
(102729, 1, 65, 37, 1, 0),
(102730, 1, 66, 37, 1, 0),
(102731, 1, 67, 37, 1, 0),
(102732, 1, 68, 37, 1, 0),
(102733, 1, 69, 37, 1, 0),
(102734, 1, 70, 37, 1, 0),
(102735, 1, 71, 37, 1, 0),
(102736, 1, 0, 38, 1, 0),
(102737, 1, 1, 38, 4, 0),
(102738, 1, 2, 38, 4, 0),
(102739, 1, 3, 38, 4, 0),
(102740, 1, 4, 38, 4, 0),
(102741, 1, 5, 38, 4, 1),
(102742, 1, 6, 38, 1, 0),
(102743, 1, 7, 38, 1, 0),
(102744, 1, 8, 38, 1, 0),
(102745, 1, 9, 38, 1, 0),
(102746, 1, 10, 38, 1, 0),
(102747, 1, 11, 38, 1, 0),
(102748, 1, 12, 38, 1, 0),
(102749, 1, 13, 38, 1, 0),
(102750, 1, 14, 38, 1, 0),
(102751, 1, 15, 38, 1, 0),
(102752, 1, 16, 38, 1, 0),
(102753, 1, 17, 38, 1, 0),
(102754, 1, 18, 38, 4, 0),
(102755, 1, 19, 38, 4, 0),
(102756, 1, 20, 38, 4, 0),
(102757, 1, 21, 38, 4, 0),
(102758, 1, 22, 38, 4, 0),
(102759, 1, 23, 38, 4, 0),
(102760, 1, 24, 38, 4, 0),
(102761, 1, 25, 38, 4, 0),
(102762, 1, 26, 38, 4, 0),
(102763, 1, 27, 38, 4, 0),
(102764, 1, 28, 38, 4, 0),
(102765, 1, 29, 38, 1, 0),
(102766, 1, 30, 38, 4, 0),
(102767, 1, 31, 38, 4, 0),
(102768, 1, 32, 38, 4, 0),
(102769, 1, 33, 38, 1, 0),
(102770, 1, 34, 38, 1, 0),
(102771, 1, 35, 38, 1, 0),
(102772, 1, 36, 38, 1, 0),
(102773, 1, 37, 38, 1, 0),
(102774, 1, 38, 38, 1, 0),
(102775, 1, 39, 38, 1, 0),
(102776, 1, 40, 38, 1, 0),
(102777, 1, 41, 38, 1, 0),
(102778, 1, 42, 38, 1, 0),
(102779, 1, 43, 38, 1, 0),
(102780, 1, 44, 38, 1, 0),
(102781, 1, 45, 38, 1, 0),
(102782, 1, 46, 38, 1, 0),
(102783, 1, 47, 38, 1, 0),
(102784, 1, 48, 38, 1, 0),
(102785, 1, 49, 38, 1, 0),
(102786, 1, 50, 38, 1, 0),
(102787, 1, 51, 38, 1, 0),
(102788, 1, 52, 38, 1, 0),
(102789, 1, 53, 38, 1, 0),
(102790, 1, 54, 38, 1, 0),
(102791, 1, 55, 38, 1, 0),
(102792, 1, 56, 38, 1, 0),
(102793, 1, 57, 38, 1, 0),
(102794, 1, 58, 38, 1, 0),
(102795, 1, 59, 38, 1, 0),
(102796, 1, 60, 38, 1, 0),
(102797, 1, 61, 38, 1, 0),
(102798, 1, 62, 38, 1, 0),
(102799, 1, 63, 38, 4, 0),
(102800, 1, 64, 38, 4, 0),
(102801, 1, 65, 38, 1, 0),
(102802, 1, 66, 38, 1, 0),
(102803, 1, 67, 38, 1, 0),
(102804, 1, 68, 38, 1, 0),
(102805, 1, 69, 38, 1, 0),
(102806, 1, 70, 38, 1, 0),
(102807, 1, 71, 38, 1, 0),
(102808, 1, 0, 39, 1, 0),
(102809, 1, 1, 39, 1, 0),
(102810, 1, 2, 39, 1, 0),
(102811, 1, 3, 39, 1, 0),
(102812, 1, 4, 39, 4, 0),
(102813, 1, 5, 39, 1, 0),
(102814, 1, 6, 39, 1, 0),
(102815, 1, 7, 39, 1, 0),
(102816, 1, 8, 39, 1, 0),
(102817, 1, 9, 39, 1, 0),
(102818, 1, 10, 39, 1, 0),
(102819, 1, 11, 39, 1, 0),
(102820, 1, 12, 39, 1, 0),
(102821, 1, 13, 39, 1, 0),
(102822, 1, 14, 39, 1, 0),
(102823, 1, 15, 39, 1, 0),
(102824, 1, 16, 39, 1, 0),
(102825, 1, 17, 39, 1, 0),
(102826, 1, 18, 39, 4, 0),
(102827, 1, 19, 39, 4, 0),
(102828, 1, 20, 39, 4, 0),
(102829, 1, 21, 39, 4, 0),
(102830, 1, 22, 39, 4, 0),
(102831, 1, 23, 39, 4, 0),
(102832, 1, 24, 39, 4, 0),
(102833, 1, 25, 39, 4, 0),
(102834, 1, 26, 39, 4, 0),
(102835, 1, 27, 39, 4, 0),
(102836, 1, 28, 39, 4, 0),
(102837, 1, 29, 39, 4, 0),
(102838, 1, 30, 39, 4, 0),
(102839, 1, 31, 39, 4, 0),
(102840, 1, 32, 39, 1, 0),
(102841, 1, 33, 39, 1, 0),
(102842, 1, 34, 39, 1, 0),
(102843, 1, 35, 39, 1, 0),
(102844, 1, 36, 39, 1, 0),
(102845, 1, 37, 39, 1, 0),
(102846, 1, 38, 39, 1, 0),
(102847, 1, 39, 39, 1, 0),
(102848, 1, 40, 39, 1, 0),
(102849, 1, 41, 39, 1, 0),
(102850, 1, 42, 39, 1, 0),
(102851, 1, 43, 39, 1, 0),
(102852, 1, 44, 39, 1, 0),
(102853, 1, 45, 39, 1, 0),
(102854, 1, 46, 39, 1, 0),
(102855, 1, 47, 39, 1, 0),
(102856, 1, 48, 39, 1, 0),
(102857, 1, 49, 39, 1, 0),
(102858, 1, 50, 39, 1, 0),
(102859, 1, 51, 39, 1, 0),
(102860, 1, 52, 39, 1, 0),
(102861, 1, 53, 39, 1, 0),
(102862, 1, 54, 39, 1, 0),
(102863, 1, 55, 39, 1, 0),
(102864, 1, 56, 39, 1, 0),
(102865, 1, 57, 39, 1, 0),
(102866, 1, 58, 39, 1, 0),
(102867, 1, 59, 39, 1, 0),
(102868, 1, 60, 39, 1, 0),
(102869, 1, 61, 39, 1, 0),
(102870, 1, 62, 39, 1, 0),
(102871, 1, 63, 39, 1, 0),
(102872, 1, 64, 39, 4, 0),
(102873, 1, 65, 39, 4, 0),
(102874, 1, 66, 39, 1, 0),
(102875, 1, 67, 39, 1, 0),
(102876, 1, 68, 39, 1, 0),
(102877, 1, 69, 39, 1, 0),
(102878, 1, 70, 39, 1, 0),
(102879, 1, 71, 39, 1, 0),
(102880, 1, 0, 40, 1, 0),
(102881, 1, 1, 40, 1, 0),
(102882, 1, 2, 40, 1, 0),
(102883, 1, 3, 40, 1, 0),
(102884, 1, 4, 40, 1, 0),
(102885, 1, 5, 40, 1, 0),
(102886, 1, 6, 40, 1, 0),
(102887, 1, 7, 40, 1, 0),
(102888, 1, 8, 40, 1, 0),
(102889, 1, 9, 40, 1, 0),
(102890, 1, 10, 40, 1, 0),
(102891, 1, 11, 40, 1, 0),
(102892, 1, 12, 40, 1, 0),
(102893, 1, 13, 40, 1, 0),
(102894, 1, 14, 40, 1, 0),
(102895, 1, 15, 40, 1, 0),
(102896, 1, 16, 40, 1, 2),
(102897, 1, 17, 40, 1, 0),
(102898, 1, 18, 40, 4, 0),
(102899, 1, 19, 40, 4, 0),
(102900, 1, 20, 40, 4, 0),
(102901, 1, 21, 40, 4, 0),
(102902, 1, 22, 40, 4, 0),
(102903, 1, 23, 40, 4, 0),
(102904, 1, 24, 40, 4, 0),
(102905, 1, 25, 40, 4, 0),
(102906, 1, 26, 40, 1, 0),
(102907, 1, 27, 40, 1, 0),
(102908, 1, 28, 40, 1, 0),
(102909, 1, 29, 40, 4, 0),
(102910, 1, 30, 40, 4, 0),
(102911, 1, 31, 40, 4, 0),
(102912, 1, 32, 40, 1, 0),
(102913, 1, 33, 40, 1, 0),
(102914, 1, 34, 40, 1, 0),
(102915, 1, 35, 40, 1, 0),
(102916, 1, 36, 40, 1, 0),
(102917, 1, 37, 40, 1, 0),
(102918, 1, 38, 40, 1, 0),
(102919, 1, 39, 40, 1, 0),
(102920, 1, 40, 40, 1, 0),
(102921, 1, 41, 40, 1, 0),
(102922, 1, 42, 40, 1, 0),
(102923, 1, 43, 40, 1, 0),
(102924, 1, 44, 40, 1, 0),
(102925, 1, 45, 40, 1, 0),
(102926, 1, 46, 40, 1, 0),
(102927, 1, 47, 40, 1, 0),
(102928, 1, 48, 40, 1, 0),
(102929, 1, 49, 40, 1, 0),
(102930, 1, 50, 40, 1, 0),
(102931, 1, 51, 40, 1, 0),
(102932, 1, 52, 40, 1, 0),
(102933, 1, 53, 40, 1, 0),
(102934, 1, 54, 40, 1, 0),
(102935, 1, 55, 40, 1, 0),
(102936, 1, 56, 40, 1, 0),
(102937, 1, 57, 40, 1, 0),
(102938, 1, 58, 40, 1, 0),
(102939, 1, 59, 40, 4, 0),
(102940, 1, 60, 40, 4, 0),
(102941, 1, 61, 40, 1, 0),
(102942, 1, 62, 40, 1, 0),
(102943, 1, 63, 40, 1, 0),
(102944, 1, 64, 40, 1, 0),
(102945, 1, 65, 40, 1, 0),
(102946, 1, 66, 40, 1, 0),
(102947, 1, 67, 40, 1, 0),
(102948, 1, 68, 40, 1, 0),
(102949, 1, 69, 40, 1, 0),
(102950, 1, 70, 40, 1, 0),
(102951, 1, 71, 40, 1, 0),
(102952, 1, 0, 41, 1, 0),
(102953, 1, 1, 41, 1, 0),
(102954, 1, 2, 41, 1, 0),
(102955, 1, 3, 41, 1, 0),
(102956, 1, 4, 41, 1, 0),
(102957, 1, 5, 41, 1, 0),
(102958, 1, 6, 41, 1, 0),
(102959, 1, 7, 41, 1, 0),
(102960, 1, 8, 41, 1, 0),
(102961, 1, 9, 41, 1, 0),
(102962, 1, 10, 41, 1, 0),
(102963, 1, 11, 41, 1, 0),
(102964, 1, 12, 41, 1, 0),
(102965, 1, 13, 41, 1, 0),
(102966, 1, 14, 41, 1, 0),
(102967, 1, 15, 41, 1, 0),
(102968, 1, 16, 41, 1, 0),
(102969, 1, 17, 41, 1, 0),
(102970, 1, 18, 41, 1, 0),
(102971, 1, 19, 41, 4, 0),
(102972, 1, 20, 41, 4, 0),
(102973, 1, 21, 41, 4, 0),
(102974, 1, 22, 41, 1, 0),
(102975, 1, 23, 41, 1, 0),
(102976, 1, 24, 41, 1, 0),
(102977, 1, 25, 41, 1, 0),
(102978, 1, 26, 41, 1, 0),
(102979, 1, 27, 41, 1, 0),
(102980, 1, 28, 41, 1, 0),
(102981, 1, 29, 41, 1, 0),
(102982, 1, 30, 41, 4, 0),
(102983, 1, 31, 41, 1, 0),
(102984, 1, 32, 41, 1, 0),
(102985, 1, 33, 41, 1, 0),
(102986, 1, 34, 41, 1, 0),
(102987, 1, 35, 41, 1, 0),
(102988, 1, 36, 41, 1, 0),
(102989, 1, 37, 41, 1, 0),
(102990, 1, 38, 41, 1, 0),
(102991, 1, 39, 41, 1, 0),
(102992, 1, 40, 41, 1, 0),
(102993, 1, 41, 41, 1, 0),
(102994, 1, 42, 41, 1, 0),
(102995, 1, 43, 41, 1, 0),
(102996, 1, 44, 41, 1, 0),
(102997, 1, 45, 41, 1, 0),
(102998, 1, 46, 41, 1, 0),
(102999, 1, 47, 41, 1, 0),
(103000, 1, 48, 41, 1, 0),
(103001, 1, 49, 41, 1, 0),
(103002, 1, 50, 41, 1, 0),
(103003, 1, 51, 41, 1, 0),
(103004, 1, 52, 41, 1, 0),
(103005, 1, 53, 41, 1, 0),
(103006, 1, 54, 41, 1, 0),
(103007, 1, 55, 41, 1, 0),
(103008, 1, 56, 41, 1, 0),
(103009, 1, 57, 41, 1, 0),
(103010, 1, 58, 41, 1, 0),
(103011, 1, 59, 41, 1, 0),
(103012, 1, 60, 41, 1, 0),
(103013, 1, 61, 41, 1, 0),
(103014, 1, 62, 41, 1, 0),
(103015, 1, 63, 41, 1, 0),
(103016, 1, 64, 41, 1, 0),
(103017, 1, 65, 41, 1, 0),
(103018, 1, 66, 41, 1, 0),
(103019, 1, 67, 41, 1, 0),
(103020, 1, 68, 41, 1, 0),
(103021, 1, 69, 41, 4, 0),
(103022, 1, 70, 41, 1, 0),
(103023, 1, 71, 41, 1, 0);

--
-- Indizes der exportierten Tabellen
--

--
-- Indizes für die Tabelle `core_accounts`
--
ALTER TABLE `core_accounts`
  ADD PRIMARY KEY (`accid`),
  ADD UNIQUE KEY `accid` (`accid`);

--
-- Indizes für die Tabelle `data_businesstypes`
--
ALTER TABLE `data_businesstypes`
  ADD KEY `type` (`type`,`busid`);

--
-- Indizes für die Tabelle `data_vehicles`
--
ALTER TABLE `data_vehicles`
  ADD PRIMARY KEY (`uid`),
  ADD UNIQUE KEY `uid` (`uid`);

--
-- Indizes für die Tabelle `game_bank_account`
--
ALTER TABLE `game_bank_account`
  ADD PRIMARY KEY (`ownid`),
  ADD UNIQUE KEY `ownid` (`ownid`),
  ADD KEY `bnkid` (`bnkid`,`bacid`);

--
-- Indizes für die Tabelle `game_business`
--
ALTER TABLE `game_business`
  ADD PRIMARY KEY (`busid`),
  ADD UNIQUE KEY `busid` (`busid`),
  ADD KEY `comid` (`comid`,`ctyid`) USING BTREE;

--
-- Indizes für die Tabelle `game_company`
--
ALTER TABLE `game_company`
  ADD PRIMARY KEY (`comid`),
  ADD UNIQUE KEY `comid` (`comid`),
  ADD KEY `gamid` (`gamid`);

--
-- Indizes für die Tabelle `game_company_owners`
--
ALTER TABLE `game_company_owners`
  ADD PRIMARY KEY (`comid`,`ownid`);

--
-- Indizes für die Tabelle `game_subsidiary`
--
ALTER TABLE `game_subsidiary`
  ADD PRIMARY KEY (`comid`),
  ADD UNIQUE KEY `comid` (`comid`),
  ADD KEY `ctyid` (`ctyid`);

--
-- Indizes für die Tabelle `game_users`
--
ALTER TABLE `game_users`
  ADD PRIMARY KEY (`usrid`),
  ADD UNIQUE KEY `usrid` (`usrid`),
  ADD KEY `accid` (`accid`,`gamid`);

--
-- Indizes für die Tabelle `game_vehicles`
--
ALTER TABLE `game_vehicles`
  ADD UNIQUE KEY `vehid` (`vehid`),
  ADD KEY `ownid` (`ownid`),
  ADD KEY `type` (`type`);

--
-- Indizes für die Tabelle `world_city`
--
ALTER TABLE `world_city`
  ADD PRIMARY KEY (`ctyid`),
  ADD UNIQUE KEY `ctyid` (`ctyid`),
  ADD UNIQUE KEY `maptileid` (`maptileid`),
  ADD KEY `gamid` (`gamid`);

--
-- Indizes für die Tabelle `world_map_tile`
--
ALTER TABLE `world_map_tile`
  ADD PRIMARY KEY (`maptileid`),
  ADD UNIQUE KEY `maptileid` (`maptileid`),
  ADD KEY `gamid` (`gamid`,`tilex`,`tiley`) USING BTREE;

--
-- AUTO_INCREMENT für exportierte Tabellen
--

--
-- AUTO_INCREMENT für Tabelle `core_accounts`
--
ALTER TABLE `core_accounts`
  MODIFY `accid` int(10) UNSIGNED NOT NULL AUTO_INCREMENT, AUTO_INCREMENT=13;

--
-- AUTO_INCREMENT für Tabelle `data_vehicles`
--
ALTER TABLE `data_vehicles`
  MODIFY `uid` int(11) NOT NULL AUTO_INCREMENT, AUTO_INCREMENT=4;

--
-- AUTO_INCREMENT für Tabelle `game_business`
--
ALTER TABLE `game_business`
  MODIFY `busid` int(10) UNSIGNED NOT NULL AUTO_INCREMENT, AUTO_INCREMENT=12;

--
-- AUTO_INCREMENT für Tabelle `game_company`
--
ALTER TABLE `game_company`
  MODIFY `comid` int(10) UNSIGNED NOT NULL AUTO_INCREMENT, AUTO_INCREMENT=21;

--
-- AUTO_INCREMENT für Tabelle `game_users`
--
ALTER TABLE `game_users`
  MODIFY `usrid` int(10) UNSIGNED NOT NULL AUTO_INCREMENT, AUTO_INCREMENT=13;

--
-- AUTO_INCREMENT für Tabelle `game_vehicles`
--
ALTER TABLE `game_vehicles`
  MODIFY `vehid` int(10) UNSIGNED NOT NULL AUTO_INCREMENT;

--
-- AUTO_INCREMENT für Tabelle `world_city`
--
ALTER TABLE `world_city`
  MODIFY `ctyid` int(10) UNSIGNED NOT NULL AUTO_INCREMENT, AUTO_INCREMENT=3616;
COMMIT;

/*!40101 SET CHARACTER_SET_CLIENT=@OLD_CHARACTER_SET_CLIENT */;
/*!40101 SET CHARACTER_SET_RESULTS=@OLD_CHARACTER_SET_RESULTS */;
/*!40101 SET COLLATION_CONNECTION=@OLD_COLLATION_CONNECTION */;
